Name,Group,Rows,Cols,Nonzeros
AGATHA_2015,Sybrandt,183964077,183964077,11588725964
MOLIERE_2016,Sybrandt,30239687,30239687,6669254694
GAP-urand,GAP,134217728,134217728,4294966740
GAP-kron,GAP,134217726,134217726,4223264644
com-Friendster,SNAP,65608366,65608366,3612134270
mycielskian20,Mycielski,786431,786431,2710370560
sk-2005,LAW,50636154,50636154,1949412601
GAP-web,GAP,50636151,50636151,1930292948
twitter7,SNAP,41652230,41652230,1468365182
GAP-twitter,GAP,61578415,61578415,1468364884
it-2004,LAW,41291594,41291594,1150725436
webbase-2001,LAW,118142155,118142155,1019903190
uk-2005,LAW,39459925,39459925,936364282
mycielskian19,Mycielski,393215,393215,903194710
nlpkkt240,Schenk,27993600,27993600,760648352
arabic-2005,LAW,22744080,22744080,639999458
mawi_201512020330,MAWI,226196185,226196185,480047894
kmer_V1r,GenBank,214005017,214005017,465410904
nlpkkt200,Schenk,16240000,16240000,440225632
kmer_A2a,GenBank,170728175,170728175,360585172
stokes,VLSI,11449533,11449533,349321980
Queen_4147,Janna,4147110,4147110,316548962
mycielskian18,Mycielski,196607,196607,300933832
uk-2002,LAW,18520486,18520486,298113762
kmer_P1a,GenBank,139353211,139353211,297829984
HV15R,Fluorem,2017169,2017169,283073458
mawi_201512020130,MAWI,128568730,128568730,270234840
rgg_n_2_24_s0,DIMACS10,16777216,16777216,265114400
com-Orkut,SNAP,3072441,3072441,234370166
nlpkkt160,Schenk,8345600,8345600,225422112
indochina-2004,LAW,7414866,7414866,194109311
kron_g500-logn21,DIMACS10,2097152,2097152,182082942
mawi_201512020030,MAWI,68863315,68863315,143414960
kmer_U1a,GenBank,67716231,67716231,138778562
vas_stokes_4M,VLSI,4382246,4382246,131577616
Bump_2911,Janna,2911419,2911419,127729899
rgg_n_2_23_s0,DIMACS10,8388608,8388608,127002786
Cube_Coup_dt6,Janna,2164760,2164760,124406070
Cube_Coup_dt0,Janna,2164760,2164760,124406070
kmer_V2a,GenBank,55042369,55042369,117217600
Flan_1565,Janna,1564794,1564794,114165372
hollywood-2009,LAW,1139905,1139905,113891327
ML_Geer,Janna,1504002,1504002,110686677
europe_osm,DIMACS10,50912018,50912018,108109320
delaunay_n24,DIMACS10,16777216,16777216,100663202
mycielskian17,Mycielski,98303,98303,100245742
cage15,vanHeukelum,5154859,5154859,99199551
nlpkkt120,Schenk,3542400,3542400,95117792
dielFilterV3real,Dziekonski,1102824,1102824,89306020
kron_g500-logn20,DIMACS10,1048576,1048576,89239674
channel-500x100x100-b050,DIMACS10,4802000,4802000,85362744
Long_Coup_dt0,Janna,1470152,1470152,84422970
Long_Coup_dt6,Janna,1470152,1470152,84422970
ljournal-2008,LAW,5363260,5363260,79023142
audikw_1,GHS_psdef,943695,943695,77651847
mawi_201512020000,MAWI,35991342,35991342,74485420
com-LiveJournal,SNAP,3997962,3997962,69362378
soc-LiveJournal1,SNAP,4847571,4847571,68993773
vas_stokes_2M,VLSI,2146677,2146677,65129037
Serena,Janna,1391349,1391349,64131971
hugebubbles-00020,DIMACS10,21198119,21198119,63580358
rgg_n_2_22_s0,DIMACS10,4194304,4194304,60718396
Geo_1438,Janna,1437960,1437960,60236322
circuit5M,Freescale,5558326,5558326,59524291
Hook_1498,Janna,1498023,1498023,59374451
hugebubbles-00010,DIMACS10,19458087,19458087,58359528
road_usa,DIMACS10,23947347,23947347,57708624
GAP-road,GAP,23947347,23947347,57708624
wb-edu,Gleich,9845725,9845725,57156537
hugebubbles-00000,DIMACS10,18318143,18318143,54940162
af_shell10,Schenk_AFE,1508065,1508065,52259885
delaunay_n23,DIMACS10,8388608,8388608,50331568
dielFilterV2real,Dziekonski,1157456,1157456,48538952
hugetrace-00020,DIMACS10,16002413,16002413,47997626
bone010,Oberwolfach,986703,986703,47851783
spal_004,Mittelmann,10203,321696,46168124
wikipedia-20070206,Gleich,3566907,3566907,45030389
kron_g500-logn19,DIMACS10,524288,524288,43562265
ldoor,GHS_psdef,952203,952203,42493817
boneS10,Oberwolfach,914898,914898,40878708
Hardesty3,Hardesty,8217820,7591564,40451632
Emilia_923,Janna,923136,923136,40373538
wikipedia-20061104,Gleich,3148440,3148440,39383235
relat9,JGD_Relat,12360060,549336,38955420
mawi_201512012345,MAWI,18571154,18571154,38040320
nv2,VLSI,1453908,1453908,37475646
RM07R,Fluorem,381689,381689,37464962
GL7d19,JGD_GL7d,1911130,1955309,37322725
wikipedia-20060925,Gleich,2983494,2983494,37269096
PFlow_742,Janna,742793,742793,37138461
inline_1,GHS_psdef,503712,503712,36816170
sx-stackoverflow,SNAP,2601977,2601977,36233450
hugetrace-00010,DIMACS10,12057441,12057441,36164358
GL7d18,JGD_GL7d,1955309,1548650,35590540
packing-500x100x100-b050,DIMACS10,2145852,2145852,34976486
vas_stokes_1M,VLSI,1090664,1090664,34767207
ss,VLSI,1652680,1652680,34753577
road_central,DIMACS10,14081816,14081816,33866826
mycielskian16,Mycielski,49151,49151,33382480
dielFilterV3clx,Dziekonski,420408,420408,32886208
coPapersCiteseer,DIMACS10,434102,434102,32073440
soc-Pokec,SNAP,1632803,1632803,30622564
coPapersDBLP,DIMACS10,540486,540486,30491458
3Dspectralwave,Sinclair,680943,680943,30290827
GL7d20,JGD_GL7d,1437547,1911130,29893084
rgg_n_2_21_s0,DIMACS10,2097152,2097152,28975990
mouse_gene,Belcastro,45101,45101,28967291
nd24k,ND,72000,72000,28715634
wiki-topcats,SNAP,1791489,1791489,28511807
nlpkkt80,Schenk,1062400,1062400,28192672
ML_Laplace,Janna,377002,377002,27582698
adaptive,DIMACS10,6815744,6815744,27248640
Fault_639,Janna,638802,638802,27245944
cage14,vanHeukelum,1505785,1505785,27130349
F1,Koutsovasilis,343791,343791,26837113
FullChip,Freescale,2987012,2987012,26621983
dgreen,VLSI,1200611,1200611,26606169
CurlCurl_4,Bodendiek,2380515,2380515,26515867
GL7d17,JGD_GL7d,1548650,955128,25978098
asia_osm,DIMACS10,11950757,11950757,25423206
dielFilterV2clx,Dziekonski,607232,607232,25309272
delaunay_n22,DIMACS10,4194304,4194304,25165738
NLR,DIMACS10,4163763,4163763,24975952
germany_osm,DIMACS10,11548845,11548845,24738362
human_gene1,Belcastro,22283,22283,24669643
rel9,JGD_Relat,9888048,274669,23667183
Transport,Janna,1602111,1602111,23487281
AS365,DIMACS10,3799275,3799275,22736152
12month1,Buss,12471,872622,22624727
333SP,DIMACS10,3712815,3712815,22217266
as-Skitter,SNAP,1696415,1696415,22190596
gsm_106857,Dziekonski,589446,589446,21758924
hugetric-00020,DIMACS10,7122792,7122792,21361554
kron_g500-logn18,DIMACS10,262144,262144,21165908
StocF-1465,Janna,1465137,1465137,21005389
M6,DIMACS10,3501776,3501776,21003872
rajat31,Rajat,4690002,4690002,20316253
fem_hifreq_circuit,Lee,491100,491100,20239237
bundle_adj,Mazaheri,513351,513351,20207907
hugetric-00010,DIMACS10,6592765,6592765,19771708
wikipedia-20051105,Gleich,1634989,1634989,19753078
eu-2005,LAW,862664,862664,19235140
msdoor,INPRO,415863,415863,19173163
Ga41As41H72,PARSEC,268096,268096,18488476
GL7d21,JGD_GL7d,822922,1437547,18174775
human_gene2,Belcastro,14340,14340,18068388
af_shell9,Schenk_AFE,504855,504855,17588845
af_shell8,Schenk_AFE,504855,504855,17579155
af_shell7,Schenk_AFE,504855,504855,17579155
af_shell5,Schenk_AFE,504855,504855,17579155
af_shell6,Schenk_AFE,504855,504855,17579155
af_shell3,Schenk_AFE,504855,504855,17562051
af_shell4,Schenk_AFE,504855,504855,17562051
af_shell1,Schenk_AFE,504855,504855,17562051
af_shell2,Schenk_AFE,504855,504855,17562051
af_4_k101,Schenk_AFE,503625,503625,17550675
af_2_k101,Schenk_AFE,503625,503625,17550675
af_0_k101,Schenk_AFE,503625,503625,17550675
af_5_k101,Schenk_AFE,503625,503625,17550675
af_3_k101,Schenk_AFE,503625,503625,17550675
af_1_k101,Schenk_AFE,503625,503625,17550675
hugetric-00000,DIMACS10,5824554,5824554,17467046
CoupCons3D,Janna,416800,416800,17277420
Freescale1,Freescale,3428755,3428755,17052626
in-2004,LAW,1382908,1382908,16917053
cit-Patents,SNAP,3774768,3774768,16518948
great-britain_osm,DIMACS10,7733822,7733822,16313034
TSOPF_RS_b2383_c1,TSOPF,38120,38120,16171169
TSOPF_RS_b2383,TSOPF,38120,38120,16171169
venturiLevel3,DIMACS10,4026819,4026819,16108474
Si41Ge41H72,PARSEC,185639,185639,15011265
patents,Pajek,3774768,3774768,14970767
circuit5M_dc,Freescale,3523317,3523317,14865409
higgs-twitter,SNAP,456626,456626,14855842
pkustk14,Chen,151926,151926,14836504
GL7d16,JGD_GL7d,955128,460261,14488881
Freescale2,Freescale,2999349,2999349,14313235
nd12k,ND,36000,36000,14220946
crankseg_2,GHS_psdef,63838,63838,14148858
italy_osm,DIMACS10,6686493,6686493,14027956
rgg_n_2_20_s0,DIMACS10,1048576,1048576,13783240
hugetrace-00000,DIMACS10,4588484,4588484,13758266
JP,Harvard_Seismology,87616,67320,13734559
CurlCurl_3,Bodendiek,1219574,1219574,13544618
memchip,Freescale,2707524,2707524,13343948
BenElechi1,BenElechi,245874,245874,13150496
TSOPF_FS_b300_c3,TSOPF,84414,84414,13135930
3Dspectralwave2,Sinclair,292008,292008,12935272
kkt_power,Zaoui,2063494,2063494,12771361
delaunay_n21,DIMACS10,2097152,2097152,12582816
halfb,DNVS,224617,224617,12387821
Hardesty1,Hardesty,938905,938905,12143314
troll,DNVS,213453,213453,11985111
fullb,DNVS,199187,199187,11708077
tp-6,Meszaros,142752,1014301,11537419
pwtk,Boeing,217918,217918,11524432
kim2,Kim,456976,456976,11330020
fcondp2,DNVS,201822,201822,11294316
bmw3_2,GHS_indef,227362,227362,11288630
rail4284,Mittelmann,4284,1096894,11284032
SiO2,PARSEC,155331,155331,11283503
mycielskian15,Mycielski,24575,24575,11111110
Si87H76,PARSEC,240369,240369,10661631
bmwcra_1,GHS_psdef,148770,148770,10641602
crankseg_1,GHS_psdef,52804,52804,10614210
mip1,Andrianov,66463,66463,10352819
atmosmodm,Bourchtein,1489752,1489752,10319760
atmosmodl,Bourchtein,1489752,1489752,10319760
kron_g500-logn17,DIMACS10,131072,131072,10228360
hood,GHS_psdef,220542,220542,9895422
flickr,Gleich,820878,820878,9837214
m_t1,DNVS,97578,97578,9753570
test1,VLSI,392908,392908,9447535
pattern1,Andrianov,19242,19242,9323432
gupta3,Gupta,16783,16783,9323427
gearbox,Rothberg,153746,153746,9080404
bibd_22_8,JGD_BIBD,231,319770,8953560
CurlCurl_2,Bodendiek,806529,806529,8921789
Ga19As19H42,PARSEC,133123,133123,8884839
atmosmodd,Bourchtein,1270432,1270432,8814880
atmosmodj,Bourchtein,1270432,1270432,8814880
TSOPF_RS_b678_c2,TSOPF,35696,35696,8781949
TSOPF_FS_b300_c2,TSOPF,56814,56814,8767466
x104,DNVS,108384,108384,8713602
thermal2,Schmid,1228045,1228045,8580313
torso1,Norris,116158,116158,8516500
Ge99H100,PARSEC,112985,112985,8451395
bibd_20_10,JGD_BIBD,190,184756,8314020
GL7d22,JGD_GL7d,349443,822922,8251000
PR02R,Fluorem,161070,161070,8185136
degme,Meszaros,185501,659415,8127528
rail2586,Mittelmann,2586,923269,8011362
Ge87H76,PARSEC,112985,112985,7892195
TEM181302,Guettel,181302,181302,7839010
Rucci1,Rucci,1977885,109900,7791168
CO,PARSEC,221119,221119,7666057
G3_circuit,AMD,1585478,1585478,7660826
specular,Brogan,477976,1600,7647040
web-BerkStan,SNAP,685230,685230,7600595
Stanford_Berkeley,Kamvar,683446,683446,7583376
pkustk12,Chen,94653,94653,7512317
cage13,vanHeukelum,445315,445315,7479343
bmw7st_1,GHS_psdef,141347,141347,7318399
cont1_l,Mittelmann,1918399,1921596,7031999
nd6k,ND,18000,18000,6897316
ohne2,Schenk_ISEI,181343,181343,6869939
sls,Bates,1748122,62729,6804304
TSOPF_RS_b2052_c1,TSOPF,25626,25626,6761100
auto,DIMACS10,448695,448695,6629222
pkustk13,Chen,94893,94893,6616827
rgg_n_2_19_s0,DIMACS10,524288,524288,6539532
TEM152078,Guettel,152078,152078,6459326
Chevron4,Chevron,711450,711450,6376412
delaunay_n20,DIMACS10,1048576,1048576,6291372
NACA0015,DIMACS10,1039183,1039183,6229636
marine1,Martin,400320,400320,6226538
rajat30,Rajat,643994,643994,6175244
Ga10As10H30,PARSEC,113081,113081,6115633
GL7d15,JGD_GL7d,460261,171375,6080381
ESOC,Springer,327062,37830,6019939
consph,Williams,83334,83334,6010480
com-Youtube,SNAP,1134890,1134890,5975248
Ga3As3H12,PARSEC,61349,61349,5970947
pre2,ATandT,659033,659033,5834044
Goodwin_127,Goodwin,178437,178437,5778545
roadNet-CA,SNAP,1971281,1971281,5533214
radiation,VLSI,223104,223104,5526637
boneS01,Oberwolfach,127224,127224,5516602
Hamrle3,Hamrle,1447360,1447360,5514242
cont11_l,Mittelmann,1468599,1961394,5382999
Chebyshev4,Muite,68121,68121,5377761
F2,Koutsovasilis,71505,71505,5294285
largebasis,QLi,440020,440020,5240084
pkustk11,Chen,87804,87804,5217912
amazon-2008,LAW,735323,735323,5158388
Si34H36,PARSEC,97569,97569,5156379
web-Google,SNAP,916428,916428,5105039
tmt_sym,CEMW,726713,726713,5080961
mono_500Hz,FreeFieldTechnologies,169410,169410,5033796
wiki-Talk,SNAP,2394385,2394385,5021410
ecology1,McRae,1000000,1000000,4996000
ecology2,McRae,999999,999999,4995991
LargeRegFile,Stevenson,2111154,801374,4944201
kron_g500-logn16,DIMACS10,65536,65536,4912469
netherlands_osm,DIMACS10,2216688,2216688,4882476
apache2,GHS_psdef,715176,715176,4817870
engine,TKK,143571,143571,4706073
shipsec5,DNVS,179860,179860,4598604
t2em,CEMW,921632,921632,4590832
tmt_unsym,CEMW,917825,917825,4584801
tx2010,DIMACS10,914231,914231,4456272
thread,DNVS,29736,29736,4444880
torso3,Norris,259156,259156,4429042
s3dkq4m2,GHS_psdef,90449,90449,4427725
TSOPF_RS_b300_c3,TSOPF,42138,42138,4413449
TSOPF_FS_b300_c1,TSOPF,29214,29214,4400122
TSOPF_FS_b300,TSOPF,29214,29214,4400122
TSOPF_RS_b678_c1,TSOPF,18696,18696,4396289
TF19,JGD_Forest,241029,317955,4370721
t3dh,Oberwolfach,79171,79171,4352105
t3dh_e,Oberwolfach,79171,79171,4352105
t3dh_a,Oberwolfach,79171,79171,4352105
pdb1HYS,Williams,36417,36417,4344765
pkustk10,Chen,80676,80676,4308984
gupta2,Gupta,62064,62064,4248286
offshore,Um,259789,259789,4242673
pkustk04,Chen,55590,55590,4218660
Delor338K,ANSYS,343236,887058,4211599
debr,AG-Monien,1048576,1048576,4194298
iChem_Jacobian,Meng,274087,274087,4137369
vsp_bcsstk30_500sep_10in_1Kout,DIMACS10,58348,58348,4033156
Hardesty2,Hardesty,929901,303645,4020731
cant,Williams,62451,62451,4007383
ship_001,DNVS,34920,34920,3896496
xenon2,Ronis,157464,157464,3866688
roadNet-TX,SNAP,1393383,1393383,3843320
laminar_duct3D,Raju,67173,67173,3788857
IMDB,Pajek,428440,896308,3782463
ship_003,DNVS,121728,121728,3777036
rajat29,Rajat,643994,643994,3760246
s4dkt3m2,TKK,90449,90449,3753461
smt,TKK,25710,25710,3749582
mycielskian14,Mycielski,12287,12287,3695512
s3dkt3m2,GHS_psdef,90449,90449,3686223
parabolic_fem,Wissgott,525825,525825,3674625
Dubcova3,UTEP,146689,146689,3636643
ifiss_mat,Embree,96307,96307,3599932
shipsec1,DNVS,140874,140874,3568176
ca2010,DIMACS10,710145,710145,3489366
FEM_3D_thermal2,Botonakis,147900,147900,3489300
stormG2_1000,Mittelmann,528185,1377306,3459881
Chevron3,Chevron,381381,381381,3413113
amazon0601,SNAP,403394,403394,3387388
ch8-8-b5,JGD_Homology,564480,376320,3386880
GaAsH6,PARSEC,61349,61349,3381809
m14b,DIMACS10,214765,214765,3358036
amazon0505,SNAP,410236,410236,3356824
bibd_19_9,JGD_BIBD,171,92378,3325608
stat96v3,Meszaros,33841,1113780,3317736
wiki-talk-temporal,SNAP,1140149,1140149,3309592
shipsec8,DNVS,114919,114919,3303553
nd3k,ND,9000,9000,3279690
pkustk08,Chen,22209,22209,3226671
Goodwin_095,Goodwin,100037,100037,3226066
cnr-2000,LAW,325557,325557,3216152
3dtube,Rothberg,45330,45330,3213618
amazon0312,SNAP,400727,400727,3200440
sme3Dc,FEMLAB,42930,42930,3148656
delaunay_n19,DIMACS10,524288,524288,3145646
pkustk03,Chen,63336,63336,3130416
net150,Andrianov,43520,43520,3121200
TSOPF_FS_b39_c30,TSOPF,120216,120216,3121160
webbase-1M,Williams,1000005,1000005,3105536
belgium_osm,DIMACS10,1441295,1441295,3099940
rgg_n_2_18_s0,DIMACS10,262144,262144,3094566
cfd2,Rothberg,123440,123440,3085406
roadNet-PA,SNAP,1090920,1090920,3083796
stomach,Norris,213360,213360,3021648
srb1,GHS_psdef,54924,54924,2962152
TSOPF_RS_b300_c2,TSOPF,28338,28338,2943887
para-4,Schenk_ISEI,153226,153226,2930882
Trec14,JGD_Kocay,3159,15905,2872265
ramage02,GHS_psdef,16830,16830,2866352
stat96v2,Meszaros,29089,957432,2852184
thermomech_dK,Botonakis,204316,204316,2846228
ins2,Andrianov,309412,309412,2751484
helm2d03,GHS_indef,392257,392257,2741935
filter3D,Oberwolfach,106437,106437,2707179
pct20stif,Boeing,52329,52329,2698463
GL7d23,JGD_GL7d,105054,349443,2695430
nasasrb,Nasa,54870,54870,2677324
nxp1,Freescale,414604,414604,2655880
ASIC_680k,Sandia,682862,682862,2638997
cop20k_A,Williams,121192,121192,2624331
ct20stif,Boeing,52329,52329,2600295
net125,Andrianov,36720,36720,2577200
pkustk06,Chen,43164,43164,2571768
ch7-9-b5,JGD_Homology,423360,317520,2540160
CurlCurl_1,Bodendiek,226451,226451,2472071
c8_mat11,JGD_Groebner,4562,5761,2462970
c8_mat11_I,JGD_Groebner,4562,5761,2462970
tsyl201,DNVS,20685,20685,2454957
vsp_msc10848_300sep_100in_1Kout,DIMACS10,21996,21996,2442056
net4-1,Andrianov,88343,88343,2441727
pkustk07,Chen,16860,16860,2418804
Delor295K,ANSYS,295734,1823928,2401323
TSOPF_FS_b162_c4,TSOPF,40798,40798,2398220
poisson3Db,FEMLAB,85623,85623,2374949
fl2010,DIMACS10,484481,484481,2346294
c-big,Schenk_IBMNA,345241,345241,2340859
rma10,Bova,46835,46835,2329092
vanbody,GHS_psdef,47072,47072,2329056
citationCiteseer,DIMACS10,268495,268495,2313294
web-Stanford,SNAP,281903,281903,2312497
Stanford,Kamvar,281903,281903,2312497
exdata_1,GHS_indef,6001,6001,2269500
H2O,PARSEC,67024,67024,2216736
pkustk05,Chen,37164,37164,2205144
wheel_601,JGD_Margulies,902103,723605,2170814
il2010,DIMACS10,451554,451554,2164464
gupta1,Gupta,31802,31802,2164210
barrier2-9,Schenk_ISEI,115625,115625,2158759
barrier2-10,Schenk_ISEI,115625,115625,2158759
barrier2-11,Schenk_ISEI,115625,115625,2158759
barrier2-12,Schenk_ISEI,115625,115625,2158759
144,DIMACS10,144649,144649,2148786
oilpan,GHS_psdef,73752,73752,2148558
barrier2-1,Schenk_ISEI,113076,113076,2129496
barrier2-2,Schenk_ISEI,113076,113076,2129496
barrier2-3,Schenk_ISEI,113076,113076,2129496
barrier2-4,Schenk_ISEI,113076,113076,2129496
wave,AG-Monien,156317,156317,2118662
mc2depi,Williams,525825,525825,2100225
com-DBLP,SNAP,317080,317080,2099732
mario002,GHS_indef,389874,389874,2097566
darcy003,GHS_indef,389874,389874,2097566
para-7,Schenk_ISEI,155924,155924,2094873
para-8,Schenk_ISEI,155924,155924,2094873
para-5,Schenk_ISEI,155924,155924,2094873
para-9,Schenk_ISEI,155924,155924,2094873
para-6,Schenk_ISEI,155924,155924,2094873
para-10,Schenk_ISEI,155924,155924,2094873
sme3Db,FEMLAB,29067,29067,2081063
bcsstk39,Boeing,46772,46772,2060662
pa2010,DIMACS10,421545,421545,2058462
neos3,Mittelmann,512209,518832,2055024
bcsstk30,HB,28924,28924,2043492
water_tank,Rudnyi,60740,60740,2035281
net100,Andrianov,29920,29920,2033200
cage12,vanHeukelum,130228,130228,2032536
bcsstk32,HB,44609,44609,2014701
TSC_OPF_1047,IPSO,8140,8140,2012833
analytics,Precima,303813,303813,2006126
mixtank_new,POLYFLOW,29957,29957,1990919
TSOPF_FS_b39_c19,TSOPF,76216,76216,1977600
coAuthorsDBLP,DIMACS10,299067,299067,1955352
rajat24,Rajat,358172,358172,1946979
trdheim,DNVS,22098,22098,1935324
ASIC_320k,Sandia,321821,321821,1931828
opt1,GHS_psdef,15449,15449,1930655
conf6_0-8x8-30,QCD,49152,49152,1916928
conf5_4-8x8-20,QCD,49152,49152,1916928
conf6_0-8x8-80,QCD,49152,49152,1916928
conf5_4-8x8-10,QCD,49152,49152,1916928
conf5_4-8x8-05,QCD,49152,49152,1916928
conf5_4-8x8-15,QCD,49152,49152,1916928
conf6_0-8x8-20,QCD,49152,49152,1916928
Zd_Jac3,VanVelzen,22835,22835,1915726
loc-Gowalla,SNAP,196591,196591,1900654
power9,VLSI,155376,155376,1887730
ch8-8-b4,JGD_Homology,376320,117600,1881600
rajat21,Rajat,411676,411676,1876011
n4c6-b9,JGD_Homology,186558,198895,1865580
appu,Simon,14000,14000,1853104
com-Amazon,SNAP,334863,334863,1851744
watson_2,Mittelmann,352013,677224,1846391
GL7d14,JGD_GL7d,171375,47271,1831183
cfd1,Rothberg,70656,70656,1825580
TSOPF_FS_b162_c3,TSOPF,30798,30798,1801300
Goodwin_071,Goodwin,56021,56021,1797934
invextr1_new,POLYFLOW,30412,30412,1793881
IG5-18,JGD_G5,47894,41550,1790490
n4c6-b8,JGD_Homology,198895,163215,1790055
bbmat,Simon,38744,38744,1771722
karted,Meszaros,46502,133115,1770349
oh2010,DIMACS10,365344,365344,1768240
Lin,Lin,256000,256000,1766400
pcrystk03,Boeing,24696,24696,1751178
crystk03,Boeing,24696,24696,1751178
crashbasis,QLi,160000,160000,1750416
majorbasis,QLi,160000,160000,1750416
bibd_18_9,JGD_BIBD,153,48620,1750320
fem_filter,Lee,74062,74062,1731206
venkat01,Simon,62424,62424,1717792
venkat50,Simon,62424,62424,1717777
venkat25,Simon,62424,62424,1717763
Zd_Jac6,VanVelzen,22835,22835,1711557
ny2010,DIMACS10,350169,350169,1709544
gas_sensor,Oberwolfach,66917,66917,1703365
ASIC_680ks,Sandia,682712,682712,1693767
turon_m,GHS_indef,189924,189924,1690876
av41092,Vavasis,41092,41092,1683902
ns3Da,FEMLAB,20414,20414,1679599
qa8fk,Cunningham,66127,66127,1660579
qa8fm,Cunningham,66127,66127,1660579
mo2010,DIMACS10,343565,343565,1656568
2cubes_sphere,Um,101492,101492,1647264
lp1,Andrianov,534388,534388,1643420
Zd_Jac2,VanVelzen,22835,22835,1642407
d_pretok,GHS_indef,182730,182730,1641672
nv1,VLSI,75468,75468,1635003
coAuthorsCiteseer,DIMACS10,227320,227320,1628268
dblp-2010,LAW,326186,326186,1615400
TF18,JGD_Forest,95368,123867,1597545
ch7-9-b4,JGD_Homology,317520,105840,1587600
pkustk09,Chen,33960,33960,1583640
mi2010,DIMACS10,329885,329885,1578090
delaunay_n18,DIMACS10,262144,262144,1572792
lp_nug30,Qaplib,52260,379350,1567800
sparsine,GHS_indef,50000,50000,1548988
lhr71c,Mallya,70304,70304,1528092
neos,Mittelmann,479119,515905,1526794
nemeth26,Nemeth,9506,9506,1511760
nemeth25,Nemeth,9506,9506,1511758
nemeth23,Nemeth,9506,9506,1506810
nemeth24,Nemeth,9506,9506,1506550
EternityII_E,Dattorro,11077,262144,1503732
boyd2,GHS_indef,466316,466316,1500397
web-NotreDame,SNAP,325729,325729,1497134
lhr71,Mallya,70304,70304,1494006
net75,Andrianov,23120,23120,1489200
raefsky3,Simon,21200,21200,1488768
598a,DIMACS10,110971,110971,1483868
windscreen,Oberwolfach,22692,22692,1482390
TSOPF_RS_b300_c1,TSOPF,14538,14538,1474325
NotreDame_actors,Barabasi,392400,127823,1470404
rgg_n_2_17_s0,DIMACS10,131072,131072,1457506
n4c6-b10,JGD_Homology,132402,186558,1456422
std1_Jac3,VanVelzen,21982,21982,1455374
bcsstk35,Boeing,30237,30237,1450163
imagesensor,VLSI,118758,118758,1446396
vfem,CEMW,93476,93476,1434636
thermomech_dM,Botonakis,204316,204316,1423116
ga2010,DIMACS10,291086,291086,1418056
nc2010,DIMACS10,288987,288987,1416620
lp_osa_60,LPnetlib,10280,243246,1408073
va2010,DIMACS10,285762,285762,1402128
heart1,Norris,3557,3557,1385317
nemeth22,Nemeth,9506,9506,1358832
pli,Li,22695,22695,1350309
hvdc2,HVDC,189860,189860,1339638
relat8,JGD_Relat,345688,12347,1334038
fe_rotor,DIMACS10,99617,99617,1324862
SiO,PARSEC,33401,33401,1317655
raefsky4,Simon,19779,19779,1316789
ASIC_320ks,Sandia,321671,321671,1316085
Maragal_8,NYPA,33212,75077,1308415
n4c6-b7,JGD_Homology,163215,104115,1305720
Raj1,Rajat,263743,263743,1300261
in2010,DIMACS10,267071,267071,1281716
c-73b,Schenk_IBMNA,169422,169422,1279274
c-73,Schenk_IBMNA,169422,169422,1279274
ok2010,DIMACS10,269118,269118,1274148
mac_econ_fwd500,Williams,206500,206500,1273389
std1_Jac2,VanVelzen,21982,21982,1248213
amazon0302,SNAP,262111,262111,1234877
al2010,DIMACS10,252266,252266,1230482
msc10848,Boeing,10848,10848,1229776
mycielskian13,Mycielski,6143,6143,1227742
mn2010,DIMACS10,259777,259777,1227102
caidaRouterLevel,DIMACS10,192244,192244,1218132
language,Tromble,399130,399130,1216334
li,Li,22695,22695,1215181
boyd1,GHS_indef,93279,93279,1211231
wi2010,DIMACS10,253096,253096,1209404
Linux_call_graph,Sorensen,324085,324085,1208908
twotone,ATandT,120750,120750,1206265
matrix_9,Schenk_IBMSDS,103430,103430,1205518
Maragal_7,NYPA,46845,26564,1200537
az2010,DIMACS10,241666,241666,1196094
tn2010,DIMACS10,240116,240116,1193966
bcsstk31,HB,35588,35588,1181416
xenon1,Ronis,48600,48600,1181120
nemeth21,Nemeth,9506,9506,1173746
struct3,Rothberg,53570,53570,1173694
EternityII_Etilde,Dattorro,10054,204304,1170516
dbir2,Meszaros,18906,45877,1158159
denormal,Castrillon,89400,89400,1156224
landmark,Pereyra,71952,2704,1146848
bcsstk36,Boeing,23052,23052,1143140
msc23052,Boeing,23052,23052,1142686
bcsstk37,Boeing,25503,25503,1140977
viscorocks,Mancktelow,37762,37762,1133641
connectus,Buss,512,394792,1127525
ks2010,DIMACS10,238600,238600,1121798
vsp_finan512_scagr7-2c_rlfddd,DIMACS10,139752,139752,1104040
ex11,FIDAP,16614,16614,1096948
pds-100,Mittelmann,156243,514577,1096002
dbic1,Meszaros,43200,226317,1081843
TSOPF_RS_b39_c30,TSOPF,60098,60098,1079986
dbir1,Meszaros,18804,45775,1077025
ts-palko,Meszaros,22002,47235,1076903
watson_1,Mittelmann,201155,386992,1055093
nemsemm1,Meszaros,3945,75352,1053986
case39,QY,40216,40216,1042160
IG5-17,JGD_G5,30162,27944,1035008
torso2,Norris,115967,115967,1033473
Goodwin_054,Goodwin,32510,32510,1030878
Dubcova2,UTEP,65025,65025,1030225
ia2010,DIMACS10,216007,216007,1021170
gyro,Oberwolfach,17361,17361,1021159
gyro_k,Oberwolfach,17361,17361,1021159
olafu,Simon,16146,16146,1015156
rim,Goodwin,22560,22560,1014951
pds-90,Mittelmann,142823,475448,1014136
mosfet2,VLSI,46994,46994,1013062
dawson5,GHS_indef,51537,51537,1010777
G_n_pin_pout,DIMACS10,100000,100000,1002396
smallworld,DIMACS10,100000,100000,999996
preferentialAttachment,DIMACS10,100000,100000,999970
kneser_10_4_1,JGD_Margulies,349651,330751,992252
cont-300,GHS_indef,180895,180895,988195
la2010,DIMACS10,204447,204447,980634
or2010,DIMACS10,196621,196621,979512
pkustk01,Chen,22044,22044,979380
co2010,DIMACS10,201062,201062,974574
nemeth20,Nemeth,9506,9506,971870
crystk02,Boeing,13965,13965,968583
pcrystk02,Boeing,13965,13965,968583
transient,Freescale,178866,178866,961368
crplat2,DNVS,18010,18010,960946
scircuit,Hamm,170998,170998,958936
sinc18,Hohn,16428,16428,948696
soc-Slashdot0902,SNAP,82168,82168,948464
wa2010,DIMACS10,195574,195574,947432
net50,Andrianov,16320,16320,945200
ASIC_100k,Sandia,99340,99340,940621
HFE18_96_in,JGD_Groebner,2372,4096,933343
kim1,Kim,38415,38415,933195
NotreDame_www,Barabasi,325729,325729,929849
pds-80,Mittelmann,129181,434580,927826
sx-superuser,SNAP,194085,194085,924886
ne2010,DIMACS10,193352,193352,913854
soc-Slashdot0811,SNAP,77360,77360,905468
fe_tooth,DIMACS10,78136,78136,905182
nw14,Meszaros,73,123409,904910
ar2010,DIMACS10,186211,186211,904310
tube2,TKK,21498,21498,897056
tube1,TKK,21498,21498,897056
matrix-new_3,Schenk_IBMSDS,125329,125329,893984
sc2010,DIMACS10,181908,181908,893160
Si10H16,PARSEC,17077,17077,875923
sme3Da,FEMLAB,12504,12504,874887
vsp_vibrobox_scagr7-2c_rlfddd,DIMACS10,77328,77328,871172
c-71,GHS_indef,76638,76638,859520
mesh_deform,Yoshiyasu,234023,9393,853829
ch7-8-b5,JGD_Homology,141120,141120,846720
ss1,VLSI,205282,205282,845089
soc-sign-epinions,SNAP,131828,131828,841372
ms2010,DIMACS10,171778,171778,839980
fp,MKS,7548,7548,834222
pds-70,Mittelmann,114944,390005,833465
sgpf5y6,Mittelmann,246077,312540,831976
nm2010,DIMACS10,168609,168609,830970
n4c6-b11,JGD_Homology,69235,132402,830820
nj2010,DIMACS10,169588,169588,829912
rel8,JGD_Relat,345688,12347,821839
TSC_OPF_300,IPSO,9774,9774,820783
fe_ocean,DIMACS10,143437,143437,819186
nemeth19,Nemeth,9506,9506,818302
TSOPF_RS_b162_c4,TSOPF,20374,20374,812749
mk13-b5,JGD_Homology,135135,270270,810810
pkustk02,Chen,10800,10800,810000
power197k,PowerSystem,197156,197156,805839
windtunnel_evap3d,Grueninger,40816,40816,803978
Chevron2,Chevron,90249,90249,803173
shar_te2-b3,JGD_Homology,200200,200200,800800
m133-b3,JGD_Homology,200200,200200,800800
ky2010,DIMACS10,161672,161672,787778
delaunay_n17,DIMACS10,131072,131072,786352
HTC_336_4438,IPSO,226340,226340,783496
EternityII_A,Dattorro,7362,150638,782087
vsp_mod2_pgp2_slptsk,DIMACS10,101364,101364,778736
ma2010,DIMACS10,157508,157508,776610
bundle1,Lourakis,10581,10581,770811
dc1,IBM_EDA,116835,116835,766396
dc2,IBM_EDA,116835,116835,766396
dc3,IBM_EDA,116835,116835,766396
lhr34c,Mallya,35152,35152,764014
HTC_336_9129,IPSO,226340,226340,762969
Andrews,Andrews,60000,60000,760154
copter2,GHS_indef,55476,55476,759952
copter2,GHS_psdef,55476,55476,759952
trans4,IBM_EDA,116835,116835,749800
trans5,IBM_EDA,116835,116835,749800
Baumann,Watson,112211,112211,748331
lhr34,Mallya,35152,35152,746972
olesnik0,GHS_indef,88263,88263,744216
Si5H12,PARSEC,19896,19896,738598
brack2,AG-Monien,62631,62631,733118
TSOPF_FS_b39_c7,TSOPF,28216,28216,730080
n4c6-b6,JGD_Homology,104115,51813,728805
id2010,DIMACS10,149842,149842,728264
G2_circuit,AMD,150102,150102,726674
pf2177,Andrianov,9728,9728,725144
nemeth01,Nemeth,9506,9506,725054
pds-60,Mittelmann,99431,336421,719557
g7jac200sc,Hollinger,59310,59310,717620
g7jac200,Hollinger,59310,59310,717620
Pres_Poisson,ACUSIM,14822,14822,715804
cyl6,TKK,13681,13681,714241
Zd_Jac3_db,VanVelzen,22835,22835,713907
image_interp,Yoshiyasu,240000,120000,711683
thermomech_TC,Botonakis,102158,102158,711558
thermomech_TK,Botonakis,102158,102158,711558
c-64,Schenk_IBMNA,51035,51035,707985
c-64b,Schenk_IBMNA,51035,51035,707601
c-72,GHS_indef,84064,84064,707546
ch7-8-b4,JGD_Homology,141120,58800,705600
md2010,DIMACS10,145247,145247,700378
nsct,Meszaros,23003,37563,697738
nemeth18,Nemeth,9506,9506,695234
neos2,Mittelmann,132568,134128,685087
rgg_n_2_16_s0,DIMACS10,65536,65536,684254
TSOPF_RS_b39_c19,TSOPF,38098,38098,684206
bibd_17_8,JGD_BIBD,136,24310,680680
heart2,Norris,2339,2339,680341
heart3,Norris,2339,2339,680341
ex3sta1,Andrianov,16782,16782,678998
cbuckle,TKK,13681,13681,676515
Zd_Jac2_db,VanVelzen,22835,22835,676439
Zd_Jac6_db,VanVelzen,22835,22835,663643
wv2010,DIMACS10,135218,135218,662922
c-70,GHS_indef,68924,68924,658986
Trec13,JGD_Kocay,1301,6561,654517
Delor64K,ANSYS,64719,1785345,652140
tomographic1,Clark,73159,59498,647495
g7jac180,Hollinger,53370,53370,641290
g7jac180sc,Hollinger,53370,53370,641290
blockqp1,GHS_indef,60012,60012,640033
mt2010,DIMACS10,132288,132288,638668
nemeth17,Nemeth,9506,9506,629620
nd2010,DIMACS10,133769,133769,625946
c-69,GHS_indef,67458,67458,623914
bcsstk29,HB,13992,13992,619488
k49_norm_10NN,ML_Graph,38547,38547,618158
TSOPF_RS_b162_c3,TSOPF,15374,15374,610299
TSOPF_FS_b162_c1,TSOPF,10798,10798,608540
rajat25,Rajat,87190,87190,606489
rajat28,Rajat,87190,87190,606489
lp_osa_30,LPnetlib,4350,104374,604488
rajat20,Rajat,86916,86916,604299
vsp_bump2_e18_aa01_model1_crew1,DIMACS10,56438,56438,601602
shar_te2-b2,JGD_Homology,200200,17160,600600
neos1,Mittelmann,131581,133473,599590
pfinan512,Mulvey,74752,74752,596992
finan512,Mulvey,74752,74752,596992
sx-askubuntu,SNAP,159316,159316,596933
GL7d24,JGD_GL7d,21074,105054,593892
LeGresley_87936,LeGresley,87936,87936,593276
bcsstk33,HB,8738,8738,591904
pds-50,Mittelmann,83060,275814,590833
mri1,Bydder,65536,147456,589824
stat96v1,Meszaros,5995,197472,588798
IG5-16,JGD_G5,18846,18485,588326
bas1lp,Meszaros,5411,9825,587775
nemeth16,Nemeth,9506,9506,587012
TF17,JGD_Forest,38132,48630,586218
crystm03,Boeing,24696,24696,583770
ASIC_100ks,Sandia,99190,99190,578890
ncvxqp7,GHS_indef,87500,87500,574962
thermal1,Schmid,82654,82654,574458
ut2010,DIMACS10,115406,115406,572066
mri2,Bydder,63240,147456,569160
c-68,GHS_indef,64810,64810,565996
wathen120,GHS_psdef,36441,36441,565761
g7jac160,Hollinger,47430,47430,564952
g7jac160sc,Hollinger,47430,47430,564952
Goodwin_040,Goodwin,17922,17922,561677
patents_main,Pajek,240547,240547,560943
k1_san,GHS_indef,67759,67759,559774
cage11,vanHeukelum,39082,39082,559722
c-62,Schenk_IBMNA,41731,41731,559341
c-62ghs,GHS_indef,41731,41731,559339
stokes128,GHS_indef,49666,49666,558594
rajat23,Rajat,110355,110355,555441
Trefethen_20000,JGD_Trefethen,20000,20000,554466
Trefethen_20000b,JGD_Trefethen,19999,19999,554435
rail_79841,Oberwolfach,79841,79841,553921
e40r0100,Shen,17281,17281,553562
c-58,GHS_indef,37595,37595,552551
sinc15,Hohn,11532,11532,551184
soc-sign-Slashdot090221,SNAP,82144,82144,549202
soc-sign-Slashdot090216,SNAP,81871,81871,545671
ford2,GHS_psdef,100196,100196,544688
psmigr_1,HB,3140,3140,543160
psmigr_3,HB,3140,3140,543160
apache1,GHS_psdef,80800,80800,542184
psmigr_2,HB,3140,3140,540022
nemeth15,Nemeth,9506,9506,539802
Maragal_6,NYPA,21255,10152,537694
3D_51448_3D,Schenk_IBMSDS,51448,51448,537038
ibm_matrix_2,Schenk_IBMSDS,51448,51448,537038
std1_Jac3_db,VanVelzen,21982,21982,531826
c-67b,Schenk_IBMNA,57975,57975,530583
c-67,Schenk_IBMNA,57975,57975,530229
ted_AB,Bindel,10605,10605,522387
ted_AB_unscaled,Bindel,10605,10605,522387
soc-sign-Slashdot081106,SNAP,77357,77357,516575
hcircuit,Hamm,105676,105676,513072
gridgena,GHS_psdef,48962,48962,512084
t3dl_a,Oberwolfach,20360,20360,509866
t3dl,Oberwolfach,20360,20360,509866
soc-Epinions1,SNAP,75888,75888,508837
ncvxqp3,GHS_indef,75000,75000,499964
std1_Jac2_db,VanVelzen,21982,21982,498771
fxm4_6,Andrianov,18892,18892,497844
nemeth14,Nemeth,9506,9506,496144
lung2,Norris,109460,109460,492564
stat96v4,Meszaros,3173,63076,491336
g7jac140sc,Hollinger,41490,41490,488633
g7jac140,Hollinger,41490,41490,488633
2D_54019_highK,Schenk_IBMSDS,54019,54019,486129
vsp_c-60_data_cti_cs4,DIMACS10,85830,85830,482160
c-59,GHS_indef,41282,41282,480536
rajat17,Rajat,94294,94294,479246
rajat18,Rajat,94294,94294,479151
rajat16,Rajat,94294,94294,476766
nemeth13,Nemeth,9506,9506,474472
wathen100,GHS_psdef,30401,30401,471601
ch8-8-b3,JGD_Homology,117600,18816,470400
pds-40,Mittelmann,66844,217531,466800
fome21,Mittelmann,67748,216350,465294
epb3,Averous,84617,84617,463625
qc2534,Bai,2534,2534,463360
af23560,Bai,23560,23560,460598
tandem_dual,Pothen,94069,94069,460493
ex40,FIDAP,7740,7740,456188
nemeth12,Nemeth,9506,9506,446818
c-66,Schenk_IBMNA,49989,49989,444853
c-66b,Schenk_IBMNA,49989,49989,444851
rajat15,Rajat,37261,37261,443573
TEM27623,Guettel,27623,27623,439469
cont-201,GHS_indef,80595,80595,438795
c-63,GHS_indef,44234,44234,434704
stormg2-125,Meszaros,66185,172431,433256
t0331-4l,Meszaros,664,46915,430982
GT01R,Fluorem,7980,7980,430909
FEM_3D_thermal1,Botonakis,17880,17880,430740
bcsstk17,HB,10974,10974,428650
helm3d01,GHS_indef,32226,32226,428444
loc-Brightkite,SNAP,58228,58228,428156
wy2010,DIMACS10,86204,86204,427586
OPF_10000,IPSO,43887,43887,426898
ncvxqp5,GHS_indef,62500,62500,424966
ted_A,Bindel,10605,10605,424587
ted_A_unscaled,Bindel,10605,10605,424587
ch7-9-b3,JGD_Homology,105840,17640,423360
cit-HepPh,SNAP,34546,34546,421578
email-EuAll,SNAP,265214,265214,420045
onera_dual,Pothen,85567,85567,419201
nv2010,DIMACS10,84538,84538,416998
g7jac120sc,Hollinger,35550,35550,412306
g7jac120,Hollinger,35550,35550,412306
cz40948,CPM,40948,40948,412148
sd2010,DIMACS10,88360,88360,410722
rail507,Mittelmann,507,63516,409856
nemeth11,Nemeth,9506,9506,408264
mycielskian12,Mycielski,3071,3071,407200
light_in_tissue,Dehghani,29282,29282,406084
c-55,GHS_indef,32780,32780,403450
c-57,Schenk_IBMNA,37833,37833,403373
rail582,Mittelmann,582,56097,402290
nemeth10,Nemeth,9506,9506,401448
net25,Andrianov,9520,9520,401200
ca-AstroPh,SNAP,18772,18772,396160
nemeth09,Nemeth,9506,9506,395506
nemeth08,Nemeth,9506,9506,394816
nemeth07,Nemeth,9506,9506,394812
nemeth05,Nemeth,9506,9506,394808
nemeth06,Nemeth,9506,9506,394808
nemeth03,Nemeth,9506,9506,394808
nemeth02,Nemeth,9506,9506,394808
nemeth04,Nemeth,9506,9506,394808
delaunay_n16,DIMACS10,65536,65536,393150
fxm3_16,Meszaros,41340,85575,392252
c-54,Schenk_IBMNA,31793,31793,385987
lhr17c,Mallya,17576,17576,381975
viscoplastic2,Quaglino,32769,32769,381326
ecl32,Sanghavi,51993,51993,380415
c-56,Schenk_IBMNA,35910,35910,380240
vsp_model1_crew1_cr42_south31,DIMACS10,45101,45101,379952
vsp_south31_slptsk,DIMACS10,39668,39668,379828
lhr17,Mallya,17576,17576,379761
k3plates,Cunningham,11107,11107,378927
mark3jac140sc,Hollinger,64089,64089,376395
mark3jac140,Hollinger,64089,64089,376395
bcircuit,Hamm,68902,68902,375558
flower_8_4,JGD_Margulies,55081,125361,375266
garon2,Garon,13535,13535,373235
email-Enron,SNAP,36692,36692,367662
RFdevice,Rost,74104,74104,365580
c-65,Schenk_IBMNA,48066,48066,360428
bibd_16_8,JGD_BIBD,120,12870,360360
lp_ken_18,LPnetlib,105127,154699,358171
GL7d13,JGD_GL7d,47271,8899,356232
bcsstk38,Boeing,8032,8032,355460
c-53,Schenk_IBMNA,30235,30235,355139
a0nsdsil,GHS_indef,80016,80016,355034
HEP-th-new,Pajek,27770,27770,352807
cit-HepTh,SNAP,27770,27770,352807
poisson3Da,FEMLAB,13514,13514,352762
cond-mat-2005,Newman,40421,40421,351382
cvxbqp1,GHS_psdef,50000,50000,349968
ncvxbqp1,GHS_indef,50000,50000,349968
a2nnsnsl,GHS_indef,80016,80016,347222
HEP-th,Pajek,27240,27240,342437
pds-30,Mittelmann,49944,158489,340635
gyro_m,Oberwolfach,17361,17361,340431
Kuu,MathWorks,7102,7102,340200
ct2010,DIMACS10,67578,67578,336352
g7jac100,Hollinger,29610,29610,335972
g7jac100sc,Hollinger,29610,29610,335972
onetone1,ATandT,36057,36057,335552
me2010,DIMACS10,69518,69518,335476
graham1,Graham,9035,9035,335472
ckt11752_dc_1,IBM_EDA,49702,49702,333029
n4c6-b12,JGD_Homology,25605,69235,332865
ckt11752_tr_0,IBM_EDA,49702,49702,332807
usroads,Gleich,129164,129164,330870
Chevron1,Chevron,37365,37365,330633
shyy161,Shyy,76480,76480,329762
Franz11,JGD_Franz,47104,30144,329728
inlet,Oberwolfach,11730,11730,328323
lpl1,Andrianov,32460,32460,328036
shallow_water1,MaxPlanck,81920,81920,327680
shallow_water2,MaxPlanck,81920,81920,327680
fe_body,DIMACS10,45087,45087,327468
pwt,Pothen,36519,36519,326107
pwt,Nasa,36519,36519,326107
pwt,GHS_psdef,36519,36519,326107
EAT_RS,Pajek,23219,23219,325592
EAT_SR,Pajek,23219,23219,325589
goodwin,Goodwin,7320,7320,324772
usroads-48,Gleich,126146,126146,323900
IG5-15,JGD_G5,11369,11987,323509
crystm02,Boeing,13965,13965,322905
mark3jac120sc,Hollinger,54929,54929,322483
mark3jac120,Hollinger,54929,54929,322483
cegb2919,HB,2919,2919,321543
bcsstm36,Boeing,23052,23052,320606
rlfprim,Meszaros,58866,62716,320591
rgg_n_2_15_s0,DIMACS10,32768,32768,320480
lp_osa_14,LPnetlib,2337,54797,317097
crystk01,Boeing,4875,4875,315891
rail516,Mittelmann,516,47827,315412
Goodwin_030,Goodwin,10142,10142,312814
mk12-b4,JGD_Homology,62370,51975,311850
n4c6-b5,JGD_Homology,51813,20058,310878
c-61,Schenk_IBMNA,43618,43618,310016
lhr14c,Mallya,14270,14270,307858
circuit_4,Bomhof,80209,80209,307604
lhr14,Mallya,14270,14270,305750
Na5,PARSEC,5832,5832,305630
lp_nug20,Qaplib,15240,72600,304800
waveguide3D,FEMLAB,21036,21036,303468
FX_March2010,Davis,1319,9498,301899
vibrobox,Cote,12328,12328,301700
dixmaanl,GHS_indef,60000,60000,299998
208bit,Priebel,24430,24421,299756
c-60,Schenk_IBMNA,43640,43640,298570
finance256,GHS_psdef,37376,37376,298496
us04,Meszaros,163,28016,297538
Reuters911,Pajek,13332,13332,296076
EX6,JGD_SPG,6545,6545,295680
EX5,JGD_SPG,6545,6545,295680
raefsky2,Simon,3242,3242,293551
raefsky1,Simon,3242,3242,293409
bcsstk16,HB,4884,4884,290378
t520,TKK,5563,5563,286341
3D_28984_Tetra,Schenk_IBMSDS,28984,28984,285092
fome13,Mittelmann,48568,97840,285056
sinc12,Hohn,7500,7500,283992
rlfdual,Meszaros,8052,74970,282031
vsp_sctap1-2b_and_seymourl,DIMACS10,40174,40174,281662
chipcool1,Oberwolfach,20082,20082,281150
chipcool0,Oberwolfach,20082,20082,281150
cegb2802,HB,2802,2802,277362
enron,LAW,69244,69244,276143
bayer01,Grund,57735,57735,275094
OPF_6000,IPSO,29902,29902,274697
rat,Meszaros,3136,9408,268908
mark3jac100sc,Hollinger,45769,45769,268563
mark3jac100,Hollinger,45769,45769,268563
fxm4_6,Meszaros,22400,47185,265442
rlfddd,Meszaros,4050,61521,264627
s2rmq4m1,Cylshell,5489,5489,263351
s3rmq4m1,Cylshell,5489,5489,262943
s1rmq4m1,Cylshell,5489,5489,262411
lp_cre_b,LPnetlib,9648,77137,260785
airfoil_2d,Engwirda,14214,14214,259688
g7jac080sc,Hollinger,23670,23670,259648
g7jac080,Hollinger,23670,23670,259648
ex19,FIDAP,12005,12005,259577
bibd_81_3,JGD_BIBD,3240,85320,255960
a5esindl,GHS_indef,60008,60008,255004
tandem_vtx,Pothen,18454,18454,253350
Dubcova1,UTEP,16129,16129,253009
TSOPF_RS_b39_c7,TSOPF,14098,14098,252446
bcsstk25,HB,15439,15439,252241
rajat26,Rajat,51032,51032,247528
deltaX,Toledo,68600,21961,247424
lp_cre_d,LPnetlib,8926,73948,246614
wing,DIMACS10,62032,62032,243088
benzene,PARSEC,8219,8219,242669
astro-ph,Newman,16706,16706,242502
worms20_10NN,ML_Graph,20055,20055,240826
cond-mat-2003,Newman,31163,31163,240058
sx-mathoverflow,SNAP,24818,24818,239978
luxembourg_osm,DIMACS10,114599,114599,239332
ACTIVSg70K,TAMU_SmartGridCenter,69999,69999,238627
struct4,Rothberg,4350,4350,237798
nmos3,Schenk_ISEI,18588,18588,237130
ca-HepPh,SNAP,12008,12008,237010
ch7-8-b3,JGD_Homology,58800,11760,235200
nh2010,DIMACS10,48837,48837,234550
stat96v5,Meszaros,2307,75779,233921
lhr11c,Mallya,10964,10964,233741
fome20,Mittelmann,33874,108175,232647
lp_pds_20,LPnetlib,33874,108175,232647
lhr10c,Mallya,10672,10672,232633
lhr11,Mallya,10964,10964,231806
spmsrtls,GHS_indef,29995,29995,229947
jan99jac120,Hollinger,41374,41374,229385
jan99jac120sc,Hollinger,41374,41374,229385
lhr10,Mallya,10672,10672,228395
ex35,FIDAP,19716,19716,227872
man_5976,HB,5976,5976,225046
lowThrust_13,VDOL,18476,18476,224897
lowThrust_12,VDOL,18458,18458,224593
lowThrust_11,VDOL,18368,18368,223801
onetone2,ATandT,36057,36057,222596
lowThrust_10,VDOL,18260,18260,222005
scfxm1-2r,Meszaros,37980,65943,221388
lowThrust_9,VDOL,18044,18044,219589
bcsstk28,HB,4410,4410,219024
ABACUS_shell_hd,Puri,23412,23412,218484
ABACUS_shell_ld,Puri,23412,23412,218484
ABACUS_shell_md,Puri,23412,23412,218484
ABACUS_shell_ud,Puri,23412,23412,218484
s2rmt3m1,Cylshell,5489,5489,217681
s3rmt3m1,Cylshell,5489,5489,217669
s1rmt3m1,Cylshell,5489,5489,217651
ak2010,DIMACS10,45292,45292,217098
lowThrust_8,VDOL,17702,17702,216445
TF16,JGD_Forest,15437,19321,216173
mark3jac080,Hollinger,36609,36609,214643
mark3jac080sc,Hollinger,36609,36609,214643
kl02,Meszaros,71,36699,212536
ch7-7-b5,JGD_Homology,35280,52920,211680
lowThrust_7,VDOL,17378,17378,211561
c-47,Schenk_IBMNA,15343,15343,211401
copter1,GHS_psdef,17222,17222,211064
mk12-b3,JGD_Homology,51975,13860,207900
g3rmt3m3,TKK,5357,5357,207695
lowThrust_6,VDOL,16928,16928,207349
coater2,Brethour,9540,9540,207308
internet,Pajek,124651,124651,207214
s3rmt3m3,Cylshell,5357,5357,207123
route,Meszaros,20894,43019,206782
2D_27628_bjtcai,Schenk_IBMSDS,27628,27628,206670
cz20468,CPM,20468,20468,206076
TSOPF_RS_b162_c1,TSOPF,5374,5374,205399
mario001,GHS_indef,38434,38434,204912
minsurfo,GHS_psdef,40806,40806,203622
vsp_barth5_1Ksep_50in_5Kout,DIMACS10,32212,32212,203610
c-51,Schenk_IBMNA,23196,23196,203048
c-52,Schenk_IBMNA,23948,23948,202708
flower_7_4,JGD_Margulies,27693,67593,202218
chem_master1,Watson,40401,40401,201201
mod2,Meszaros,34774,66409,199810
jnlbrng1,GHS_psdef,40000,40000,199200
world,Meszaros,34506,67147,198883
SiNa,PARSEC,5743,5743,198787
lowThrust_5,VDOL,16262,16262,198369
torsion1,GHS_psdef,40000,40000,197608
obstclae,GHS_psdef,40000,40000,197608
bfly,AG-Monien,49152,49152,196608
delaunay_n15,DIMACS10,32768,32768,196548
skirt,Nasa,12598,12598,196520
skirt,Pothen,12598,12598,196520
vsp_befref_fxm_2_4_air02,DIMACS10,14109,14109,196448
CAG_mat1916,JGD_CAG,1916,1916,195985
rajat22,Rajat,39899,39899,195429
mult_dcop_02,Sandia,25187,25187,193276
mult_dcop_01,Sandia,25187,25187,193276
mult_dcop_03,Sandia,25187,25187,193216
nemswrld,Meszaros,7138,28550,192283
Ill_Stokes,Szczerba,20896,20896,191368
jan99jac100,Hollinger,34454,34454,190224
jan99jac100sc,Hollinger,34454,34454,190224
scsd8-2r,Meszaros,8650,60550,190210
wiki-RfA,SNAP,11380,11380,188077
ca-CondMat,SNAP,23133,23133,186936
sctap1-2r,Meszaros,28830,63426,186366
g7jac060,Hollinger,17730,17730,183325
g7jac060sc,Hollinger,17730,17730,183325
Goodwin_023,Goodwin,6005,6005,182168
nemsemm2,Meszaros,6943,48878,182012
c-50,Schenk_IBMNA,22401,22401,180245
brainpc2,GHS_indef,27607,27607,179395
t60k,DIMACS10,60005,60005,178880
dictionary28,Pajek,52652,52652,178076
wang4,Wang,26068,26068,177196
wang3,Wang,26064,26064,177168
t2dah_a,Oberwolfach,11445,11445,176117
t2dah_e,Oberwolfach,11445,11445,176117
t2dah,Oberwolfach,11445,11445,176117
epb2,Averous,25228,25228,175027
c-45,Schenk_IBMNA,13206,13206,174452
nasa2910,Nasa,2910,2910,174296
nasa2910,Boeing,2910,2910,174296
bratu3d,GHS_indef,27792,27792,173796
IG5-14,JGD_G5,6735,7621,173337
SiH4,PARSEC,5041,5041,171903
f855_mat9,JGD_Groebner,2456,2511,171214
f855_mat9_I,JGD_Groebner,2456,2511,171214
Muu,MathWorks,7102,7102,170134
raefsky5,Simon,6316,6316,167178
Zhao2,Zhao,33861,33861,166453
Zhao1,Zhao,33861,33861,166453
c-48,Schenk_IBMNA,18354,18354,166080
ulevimin,Meszaros,6590,46937,164538
lowThrust_4,VDOL,13562,13562,160947
mark3jac060,Hollinger,27449,27449,160723
mark3jac060sc,Hollinger,27449,27449,160723
lock3491,HB,3491,3491,160444
bcsstk24,HB,3562,3562,159910
hvdc1,HVDC,24842,24842,158426
Fashion_MNIST_norm_10NN,ML_Graph,10000,10000,158304
c-49,Schenk_IBMNA,21132,21132,157040
kmnist_norm_10NN,ML_Graph,10000,10000,156932
lhr07c,Mallya,7337,7337,156508
e18,Meszaros,24617,38602,156466
vt2010,DIMACS10,32580,32580,155598
hangGlider_5,VDOL,16011,16011,155246
nsir,Meszaros,4453,10057,154939
lhr07,Mallya,7337,7337,154660
192bit,Priebel,13691,13682,154303
cari,Meszaros,400,1200,152800
har_10NN,ML_Graph,10299,10299,151736
Trec12,JGD_Kocay,551,2726,151219
jan99jac080sc,Hollinger,27534,27534,151063
jan99jac080,Hollinger,27534,27534,151063
wing_nodal,DIMACS10,10937,10937,150976
cage10,vanHeukelum,11397,11397,150645
model10,Meszaros,4400,16819,150372
bloweya,GHS_indef,30004,30004,150009
pds10,GHS_psdef,16558,16558,149658
hangGlider_4,VDOL,15561,15561,149532
bcsstk18,HB,11948,11948,149090
nug08-3rd,Mittelmann,19728,29856,148416
TSOPF_FS_b9_c6,TSOPF,14454,14454,147972
case9,QY,14454,14454,147972
p2p-Gnutella31,SNAP,62586,62586,147892
ccc,AG-Monien,49152,49152,147456
D6-6,JGD_Homology,120576,23740,146520
mnist_test_norm_10NN,ML_Graph,10000,10000,145600
g7jac050sc,Hollinger,14760,14760,145157
shermanACb,Shen,18510,18510,145149
bauru5727,Rommes,40366,40366,145019
juba40k,Rommes,40337,40337,144945
lp_maros_r7,LPnetlib,3136,9408,144848
lp_osa_07,LPnetlib,1118,25067,144812
ted_B,Bindel,10605,10605,144579
ted_B_unscaled,Bindel,10605,10605,144579
pltexpa,Meszaros,26894,70364,143059
shock-9,AG-Monien,36476,36476,142580
fome12,Mittelmann,24284,48920,142528
mplate,Cote,5962,5962,142190
OPF_3754,IPSO,15435,15435,141478
stokes64,GHS_indef,12546,12546,140034
stokes64s,GHS_indef,12546,12546,140034
cca,AG-Monien,49152,49152,139264
rail_20209,Oberwolfach,20209,20209,139233
cavity18,DRIVCAV,4562,4562,138040
cavity22,DRIVCAV,4562,4562,138040
cavity24,DRIVCAV,4562,4562,138040
cavity20,DRIVCAV,4562,4562,138040
cavity26,DRIVCAV,4562,4562,138040
cavity16,DRIVCAV,4562,4562,137887
abtaha2,JGD_Taha,37932,331,137228
ACTIVSg10K,TAMU_SmartGridCenter,20000,20000,135888
bibd_15_7,JGD_BIBD,105,6435,135135
mycielskian11,Mycielski,1535,1535,134710
bodyy6,Pothen,19366,19366,134208
Wordnet3,Pajek,82670,82670,132964
cat_ears_4_4,JGD_Margulies,19020,44448,132888
cavity19,DRIVCAV,4562,4562,131735
cavity21,DRIVCAV,4562,4562,131735
cavity25,DRIVCAV,4562,4562,131735
cavity23,DRIVCAV,4562,4562,131735
cavity17,DRIVCAV,4562,4562,131735
JapaneseVowelsSmall_10NN,ML_Graph,9961,9961,131144
igbt3,Schenk_ISEI,10938,10938,130500
c-46,Schenk_IBMNA,14913,14913,130397
raefsky6,Simon,3402,3402,130371
rajat10,Rajat,30202,30202,130303
lp_fit2d,LPnetlib,25,10524,129042
bodyy5,Pothen,18589,18589,128853
aug3dcqp,GHS_indef,35543,35543,128115
aft02,Okunbor,8184,8184,127762
ri2010,DIMACS10,25181,25181,125750
aft01,Okunbor,8205,8205,125567
indianpines_10NN,ML_Graph,9144,9144,124656
vsp_c-30_data_data,DIMACS10,11023,11023,124368
hi2010,DIMACS10,25016,25016,124126
c-43,Schenk_IBMNA,11125,11125,123659
sc205-2r,Meszaros,35213,62423,123239
bodyy4,Pothen,17546,17546,121550
foldoc,Pajek,13356,13356,120238
scagr7-2r,Meszaros,32847,46679,120141
conf6_0-4x4-30,QCD,3072,3072,119808
conf5_0-4x4-26,QCD,3072,3072,119808
conf5_0-4x4-22,QCD,3072,3072,119808
conf5_0-4x4-18,QCD,3072,3072,119808
conf5_0-4x4-10,QCD,3072,3072,119808
conf6_0-4x4-20,QCD,3072,3072,119808
conf5_0-4x4-14,QCD,3072,3072,119808
p010,Meszaros,10090,19090,118000
graphics,Sumner,29493,11822,117954
bcsstk15,HB,3948,3948,117816
c-39,Schenk_IBMNA,9271,9271,116587
de2010,DIMACS10,24115,24115,116056
psse2,YCheng,28634,11028,115262
cvxqp3,GHS_indef,17500,17500,114962
CurlCurl_0,Bodendiek,11083,11083,113343
scsd8-2c,Meszaros,5130,35910,112770
scsd8-2b,Meszaros,5130,35910,112770
south31,Meszaros,18425,36321,112398
jan99jac060,Hollinger,20614,20614,111903
jan99jac060sc,Hollinger,20614,20614,111903
vsp_data_and_seymourl,DIMACS10,9167,9167,111732
baxter,Meszaros,27441,30733,111576
scfxm1-2b,Meszaros,19036,33047,111052
c-42,Schenk_IBMNA,10471,10471,110285
bloweybl,GHS_indef,30003,30003,109999
co9,Meszaros,10789,22924,109651
windtunnel_evap2d,Grueninger,8256,8256,109368
vsp_p0291_seymourl_iiasa,DIMACS10,10498,10498,107736
lp_pds_10,LPnetlib,16558,49932,107605
g7jac040sc,Hollinger,11790,11790,107383
g7jac040,Hollinger,11790,11790,107383
barth5,Pothen,15606,15606,107362
gen4,Meszaros,1537,4298,107103
mark3jac040,Hollinger,18289,18289,106803
mark3jac040sc,Hollinger,18289,18289,106803
as-caida,SNAP,31379,31379,106762
rajat09,Rajat,24482,24482,105573
crystm01,Boeing,4875,4875,105339
nasa4704,Nasa,4704,4704,104756
nasa4704,Boeing,4704,4704,104756
r05,Meszaros,5190,9690,104145
wiki-Vote,SNAP,8297,8297,103689
shuttle_eddy,Nasa,10429,10429,103599
shuttle_eddy,Pothen,10429,10429,103599
cz10228,CPM,10228,10228,102876
psse0,YCheng,26722,11028,102432
mhd4800a,Bai,4800,4800,102252
c-41,Schenk_IBMNA,9769,9769,101635
ford1,GHS_psdef,18728,18728,101576
Kemelmacher,Kemelmacher,28452,9693,100875
lpl3,Meszaros,10828,33686,100525
Franz8,JGD_Franz,16728,7176,100368
cis-n4c6-b4,JGD_Homology,20058,5970,100290
n4c6-b4,JGD_Homology,20058,5970,100290
piston,Oberwolfach,2025,2025,100015
LF10000,Oberwolfach,19998,19998,99982
lpi_gosh,LPnetlib,3792,13455,99953
ex9,FIDAP,3363,3363,99471
sctap1-2b,Meszaros,15390,33858,99454
memplus,Hamm,17758,17758,99147
ex15,FIDAP,6867,6867,98671
fe_sphere,DIMACS10,16386,16386,98304
se,AG-Monien,32768,32768,98300
delaunay_n14,DIMACS10,16384,16384,98244
Goodwin_017,Goodwin,3317,3317,97773
msc04515,Boeing,4515,4515,97707
comsol,Langemyr,1500,1500,97645
Franz9,JGD_Franz,19588,4164,97508
Franz10,JGD_Franz,19588,4164,97508
rajat27,Rajat,20640,20640,97353
lp_ken_13,LPnetlib,28632,42659,97246
coupled,IBM_Austin,11341,11341,97193
as-22july06,Newman,22963,22963,96872
cq9,Meszaros,9278,21534,96653
cti,DIMACS10,16840,16840,96464
linverse,GHS_indef,11999,11999,95977
cond-mat,Newman,16726,16726,95188
epb1,Averous,14734,14734,95053
lp_qap15,LPnetlib,6330,22275,94950
lp_nug15,Qaplib,6330,22275,94950
rdist1,Zitney,4134,4134,94408
stormg2-27,Meszaros,14441,37485,94274
fxm3_6,Andrianov,5026,5026,94026
Maragal_5,NYPA,4654,3320,93091
stufe-10,AG-Monien,24010,24010,92828
hangGlider_3,VDOL,10260,10260,92703
big,Gaertner,13209,13209,91465
ex31,FIDAP,3909,3909,91223
IG5-13,JGD_G5,3994,4731,91209
air03,Meszaros,124,10757,91028
ex8,FIDAP,3096,3096,90841
orani678,HB,2529,2529,90158
model5,Meszaros,1888,11802,89925
big_dual,AG-Monien,30269,30269,89858
jendrec1,Meszaros,2109,4228,89608
p2p-Gnutella30,SNAP,36682,36682,88328
n4c6-b13,JGD_Homology,6300,25605,88200
cis-n4c6-b13,JGD_Homology,6300,25605,88200
tuma1,GHS_indef,22967,22967,87760
cs4,DIMACS10,22499,22499,87716
fv3,Norris,9801,9801,87025
t2d_q9,TKK,9801,9801,87025
t2d_q4,TKK,9801,9801,87025
fv2,Norris,9801,9801,87025
kineticBatchReactor_9,VDOL,8115,8115,86183
bayer04,Grund,20545,20545,85537
fv1,Norris,9604,9604,85264
kineticBatchReactor_8,VDOL,8052,8052,85194
c-44,Schenk_IBMNA,10728,10728,85000
garon1,Garon,3175,3175,84723
kineticBatchReactor_7,VDOL,7968,7968,84508
biplane-9,AG-Monien,21701,21701,84076
bcsstk13,HB,2003,2003,83883
utm5940,TOKAMAK,5940,5940,83842
rajat08,Rajat,19362,19362,83443
G64,Gset,7000,7000,82918
G63,Gset,7000,7000,82918
lhr04c,Mallya,4101,4101,82682
kineticBatchReactor_6,VDOL,7773,7773,82500
176bit,Priebel,7441,7431,82270
gen2,Meszaros,1121,3264,81855
GL7d25,JGD_GL7d,2798,21074,81671
dano3mip,Meszaros,3202,15851,81633
c-40,Schenk_IBMNA,9941,9941,81501
relat7b,JGD_Relat,21924,1045,81355
relat7,JGD_Relat,21924,1045,81355
usps_norm_5NN,ML_Graph,11000,11000,81112
lhr04,Mallya,4101,4101,81057
kineticBatchReactor_5,VDOL,7641,7641,80767
lowThrust_3,VDOL,7064,7064,80645
lock2232,HB,2232,2232,80352
TF15,JGD_Forest,6334,7742,80057
aug2dc,GHS_indef,30200,30200,80000
LFAT5000,Oberwolfach,19994,19994,79966
cegb3024,HB,3024,3024,79848
optdigits_10NN,ML_Graph,5620,5620,79650
pesa,Gaertner,11738,11738,79566
ex12,FIDAP,3973,3973,79077
c-31,Schenk_IBMNA,5339,5339,78571
c-38,Schenk_IBMNA,8127,8127,77689
ex28,FIDAP,2603,2603,77031
aug2d,GHS_indef,29008,29008,76832
cavity12,DRIVCAV,2597,2597,76258
cavity14,DRIVCAV,2597,2597,76258
cavity10,DRIVCAV,2597,2597,76171
bips07_3078,Rommes,21128,21128,75729
ex13,FIDAP,2568,2568,75628
ch7-6-b4,JGD_Homology,15120,12600,75600
lp_pilot87,LPnetlib,2030,6680,74949
cegb3306,HB,3306,3306,74916
kineticBatchReactor_4,VDOL,7105,7105,74869
c-37,Schenk_IBMNA,8204,8204,74676
ex26,FIDAP,2163,2163,74464
xingo3012,Rommes,20944,20944,74386
ncvxqp1,GHS_indef,12111,12111,73963
descriptor_xingo6u,Rommes,20738,20738,73916
poli4,Grund,33833,33833,73249
aa01,Meszaros,823,8904,72965
air04,Meszaros,823,8904,72965
jan99jac040sc,Hollinger,13694,13694,72734
jan99jac040,Hollinger,13694,13694,72734
lp_stocfor3,LPnetlib,16675,23541,72721
slptsk,Meszaros,2861,3347,72465
sts4098,Cannizzo,4098,4098,72356
nasa2146,Nasa,2146,2146,72250
FA,Pajek,10617,10617,72176
bibd_14_7,JGD_BIBD,91,3432,72072
EX4,JGD_SPG,2600,2600,71760
EX3,JGD_SPG,2600,2600,71760
ex18,FIDAP,5773,5773,71701
cavity13,DRIVCAV,2597,2597,71601
cavity11,DRIVCAV,2597,2597,71601
cavity15,DRIVCAV,2597,2597,71601
bayer10,Grund,13436,13436,71594
fome11,Mittelmann,12142,24460,71264
L-9,AG-Monien,17983,17983,71192
nopoly,Gaertner,10774,10774,70842
aa3,Meszaros,825,8627,70806
aa03,Meszaros,825,8627,70806
air06,Meszaros,825,8627,70806
lp_wood1p,LPnetlib,244,2595,70216
aug3d,GHS_indef,24300,24300,69984
dtoc,GHS_indef,24993,24993,69972
mk11-b3,JGD_Homology,17325,6930,69300
ex3sta1,Meszaros,17443,17516,68779
lp22,Meszaros,2958,16392,68518
nemspmm2,Meszaros,2301,8734,68225
mhd3200a,Bai,3200,3200,68026
ex20,FIDAP,2203,2203,67830
ex37,FIDAP,3565,3565,67591
flowmeter5,Oberwolfach,9669,9669,67391
flowmeter0,Oberwolfach,9669,9669,67391
thermal,Brunetiere,3456,3456,66528
bips07_2476,Rommes,16861,16861,66498
lpi_bgindy,LPnetlib,2671,10880,66266
aa5,Meszaros,801,8308,65953
c-36,Schenk_IBMNA,7479,7479,65941
ex14,FIDAP,3251,3251,65875
c-30,Schenk_IBMNA,5321,5321,65693
fe_4elt2,DIMACS10,11143,11143,65636
Oregon-2,SNAP,11806,11806,65460
p2p-Gnutella24,SNAP,26518,26518,65369
powersim,LiuWenzhuo,15838,15838,64424
c-34,Schenk_IBMNA,6611,6611,64333
rosen10,Meszaros,2056,6152,64192
rajat07,Rajat,14842,14842,63913
car4,Meszaros,16384,33052,63724
bcsstk14,HB,1806,1806,63454
fd18,Hohn,16428,16428,63406
bayer02,Grund,13935,13935,63307
lp_pds_06,LPnetlib,9881,29351,63220
gen,Meszaros,769,2561,63086
gen1,Meszaros,769,2561,63086
dendrimer,Negre,730,730,63024
c-35,Schenk_IBMNA,6537,6537,62891
mk12-b5,JGD_Homology,10395,62370,62370
yeast_30NN,ML_Graph,1484,1484,62350
bips07_1998,Rommes,15066,15066,62198
Chem97Zt,Bates,2541,31022,62044
rdist3a,Zitney,2398,2398,61896
testbig,Meszaros,17613,31223,61639
air02,Meszaros,50,6774,61555
barth5,Nasa,15606,15606,61484
viscoplastic1,Quaglino,4326,4326,61166
sit100,GHS_indef,10262,10262,61046
crack,AG-Monien,10240,10240,60760
crack_dual,AG-Monien,20141,20141,60086
G58,Gset,5000,5000,59140
G59,Gset,5000,5000,59140
p05,Meszaros,5090,9590,59045
scrs8-2r,Meszaros,14364,27691,58439
meg1,Grund,2904,2904,58142
co5,Meszaros,5774,12325,57993
whitaker3,AG-Monien,9800,9800,57978
fxm3_6,Meszaros,6200,12625,57722
pcb3000,Meszaros,3960,7732,57479
psse1,YCheng,14318,11028,57376
ex10hs,FIDAP,2548,2548,57308
whitaker3_dual,AG-Monien,19190,19190,57162
MISKnowledgeMap,Moqri,2427,2427,57022
rdist2,Zitney,3198,3198,56834
ch8-8-b2,JGD_Homology,18816,1568,56448
bcsstm27,HB,1224,1224,56126
bcsstk27,HB,1224,1224,56126
c-33,Schenk_IBMNA,6317,6317,56123
Goodwin_013,Goodwin,1965,1965,56069
model9,Meszaros,2879,10939,55956
nemspmm1,Meszaros,2372,8903,55867
bibd_49_3,JGD_BIBD,1176,18424,55272
ex10,FIDAP,2410,2410,54840
p2p-Gnutella25,SNAP,22687,22687,54705
c-32,Schenk_IBMNA,5975,5975,54471
Zewail,Pajek,6752,6752,54233
TSOPF_RS_b9_c6,TSOPF,7224,7224,54082
ncvxqp9,GHS_indef,16554,16554,54040
beaflw,HB,497,507,53403
shermanACd,Shen,6136,6136,53329
kineticBatchReactor_3,VDOL,5082,5082,53219
ex36,FIDAP,3079,3079,53099
ch7-9-b2,JGD_Homology,17640,1512,52920
mark3jac020sc,Hollinger,9129,9129,52883
mark3jac020,Hollinger,9129,9129,52883
ex3,FIDAP,1821,1821,52685
aa4,Meszaros,426,7195,52121
air05,Meszaros,426,7195,52121
l30,Meszaros,2701,16281,52070
mk11-b4,JGD_Homology,10395,17325,51975
ca-HepTh,SNAP,9877,9877,51971
aa6,Meszaros,646,7292,51728
lock1074,HB,1074,1074,51588
cq5,Meszaros,5048,11748,51571
n3c6-b7,JGD_Homology,6435,6435,51480
cz5108,CPM,5108,5108,51412
abtaha1,JGD_Taha,14596,209,51307
model7,Meszaros,3358,9582,51027
rel7,JGD_Relat,21924,1045,50636
beacxc,HB,497,506,50409
ch7-6-b3,JGD_Homology,12600,4200,50400
lp_fit2p,LPnetlib,3000,13525,50284
bloweybq,GHS_indef,10001,10001,49999
mbeacxc,HB,496,496,49920
mbeaflw,HB,496,496,49920
cryg10000,Bai,10000,10000,49699
c-25,Schenk_IBMNA,3797,3797,49635
tuma2,GHS_indef,12992,12992,49365
delaunay_n13,DIMACS10,8192,8192,49094
ex6,FIDAP,1651,1651,49062
lp_ken_11,LPnetlib,14694,21349,49058
bips07_1693,Rommes,13275,13275,49044
mimo8x8_system,Rommes,13309,13309,48872
zeros_nopss_13k,Rommes,13296,13296,48827
rajat13,Rajat,7598,7598,48762
mimo28x28_system,Rommes,13251,13251,48737
ww_vref_6405,Rommes,13251,13251,48737
mimo46x46_system,Rommes,13250,13250,48735
xingo_afonso_itaipu,Rommes,13250,13250,48735
PGPgiantcompo,Arenas,10680,10680,48632
circuit_3,Bomhof,12127,12127,48137
mhd1280a,Bai,1280,1280,47906
ex24,FIDAP,2283,2283,47901
rosen2,Meszaros,1032,3080,47536
mk11-b4b,JGD_Homology,9450,17325,47250
kneser_8_3_1,JGD_Margulies,15737,15681,47042
nl,Meszaros,7039,15325,47035
rajat06,Rajat,10922,10922,46983
crew1,Meszaros,135,6469,46950
Oregon-1,SNAP,11492,11492,46818
bcsstm39,Boeing,46772,46772,46772
ex7,FIDAP,1633,1633,46626
gemat1,HB,4929,10595,46591
Franz4,JGD_Franz,6784,5252,46528
complex,Meszaros,1023,1408,46463
IG5-12,JGD_G5,2296,2875,46260
barth,Pothen,6691,6691,46187
eurqsa,Marini,7245,7245,46142
model4,Meszaros,1337,4962,45753
Franz6,JGD_Franz,7576,3016,45456
TS,MathWorks,2142,2142,45262
bcsstk23,HB,3134,3134,45178
n3c6-b6,JGD_Homology,6435,5005,45045
qpband,GHS_indef,20000,20000,45000
msc01440,Boeing,1440,1440,44998
nopss_11k,Rommes,11685,11685,44941
kineticBatchReactor_2,VDOL,4361,4361,44840
ge,Meszaros,10099,16369,44825
bips98_1450,Rommes,11305,11305,44678
beause,HB,497,507,44551
deter3,Meszaros,7647,21777,44547
n3c6-b8,JGD_Homology,4935,6435,44415
mycielskian10,Mycielski,767,767,44392
lp_pilot,LPnetlib,1441,4860,44375
fd15,Hohn,11532,11532,44206
Franz5,JGD_Franz,7382,2882,44056
freeFlyingRobot_16,VDOL,6078,6078,44006
freeFlyingRobot_13,VDOL,5718,5718,43994
flower_5_4,JGD_Margulies,5226,14721,43942
N_reactome,Schulthess,10204,16559,43816
c-29,Schenk_IBMNA,5033,5033,43731
freeFlyingRobot_15,VDOL,6038,6038,43378
freeFlyingRobot_14,VDOL,5958,5958,43298
rajat01,Rajat,6833,6833,43250
ex23,FIDAP,1409,1409,42760
Alemdar,Alemdar,6245,6245,42581
g7jac020,Hollinger,5850,5850,42568
g7jac020sc,Hollinger,5850,5850,42568
Kaufhold,MathWorks,8765,8765,42471
utm3060,TOKAMAK,3060,3060,42211
freeFlyingRobot_12,VDOL,5578,5578,41940
Trefethen_2000,JGD_Trefethen,2000,2000,41906
dw8192,Bai,8192,8192,41746
dw4096,Bai,8192,8192,41746
Lederberg,Pajek,8843,8843,41601
cage9,vanHeukelum,3534,3534,41594
mk12-b2,JGD_Homology,13860,1485,41580
mbeause,HB,496,496,41063
bips98_1142,Rommes,9735,9735,40983
barth4,Pothen,6019,6019,40965
Franz7,JGD_Franz,10164,1740,40424
freeFlyingRobot_10,VDOL,5218,5218,40080
freeFlyingRobot_11,VDOL,5438,5438,40054
n2c6-b6,JGD_Homology,5715,4945,40005
G67,Gset,10000,10000,40000
p2p-Gnutella04,SNAP,10879,10879,39994
G27,Gset,2000,2000,39980
G31,Gset,2000,2000,39980
G30,Gset,2000,2000,39980
G29,Gset,2000,2000,39980
G28,Gset,2000,2000,39980
G26,Gset,2000,2000,39980
G25,Gset,2000,2000,39980
G24,Gset,2000,2000,39980
G23,Gset,2000,2000,39980
G22,Gset,2000,2000,39980
freeFlyingRobot_9,VDOL,4778,4778,39964
spaceShuttleEntry_4,VDOL,2450,2450,39669
cat_ears_3_4,JGD_Margulies,5226,13271,39592
nasa1824,Boeing,1824,1824,39208
nasa1824,Nasa,1824,1824,39208
seymourl,Meszaros,4944,6316,38493
G6,Gset,800,800,38352
G7,Gset,800,800,38352
G8,Gset,800,800,38352
G10,Gset,800,800,38352
G9,Gset,800,800,38352
G4,Gset,800,800,38352
G1,Gset,800,800,38352
G2,Gset,800,800,38352
G5,Gset,800,800,38352
G3,Gset,800,800,38352
lp_nug12,Qaplib,3192,8856,38304
lp_qap12,LPnetlib,3192,8856,38304
dynamicSoaringProblem_8,VDOL,3543,3543,38136
rkat7_mat5,JGD_Groebner,694,738,38114
reorientation_8,VDOL,3108,3108,37894
poli3,Grund,16955,16955,37849
lp_d6cube,LPnetlib,415,6184,37704
dynamicSoaringProblem_7,VDOL,3511,3511,37680
ex27,FIDAP,974,974,37652
GL7d12,JGD_GL7d,8899,1019,37519
lp_woodw,LPnetlib,1098,8418,37487
t2dal_a,Oberwolfach,4257,4257,37465
t2dal_bci,Oberwolfach,4257,4257,37465
t2dal,Oberwolfach,4257,4257,37465
reorientation_6,VDOL,3006,3006,37342
reorientation_7,VDOL,3057,3057,37150
deter7,Meszaros,6375,18153,37131
162bit,Priebel,3606,3597,37118
photogrammetry2,Luong,4472,936,37056
Chebyshev3,Muite,4101,4101,36879
lhr02,Mallya,2954,2954,36875
wb-cs-stanford,Gleich,9914,9914,36854
dynamicSoaringProblem_5,VDOL,3271,3271,36789
dynamicSoaringProblem_6,VDOL,3431,3431,36741
dynamicSoaringProblem_4,VDOL,3191,3191,36516
G66,Gset,9000,9000,36000
scagr7-2b,Meszaros,9743,13847,35885
circuit_1,Bomhof,2624,2624,35823
deter2,Meszaros,6095,17313,35731
Trec11,JGD_Kocay,235,1138,35705
c-24,Schenk_IBMNA,4119,4119,35699
lp_dfl001,LPnetlib,6071,12230,35632
soc-sign-bitcoin-otc,SNAP,5881,5881,35592
reorientation_5,VDOL,2904,2904,35590
ch7-8-b2,JGD_Homology,11760,1176,35280
rail_5177,Oberwolfach,5177,5177,35185
freeFlyingRobot_8,VDOL,4398,4398,34958
YaleB_10NN,ML_Graph,2414,2414,34808
bips98_606,Rommes,7135,7135,34738
c-26,Schenk_IBMNA,4307,4307,34537
msc00726,Boeing,726,726,34518
shar_te2-b1,JGD_Homology,17160,286,34320
G60,Gset,7000,7000,34296
G61,Gset,7000,7000,34296
bcsstk11,HB,1473,1473,34241
bcsstk12,HB,1473,1473,34241
jan99jac020,Hollinger,6774,6774,33744
jan99jac020sc,Hollinger,6774,6774,33744
reorientation_4,VDOL,2717,2717,33630
n4c5-b6,JGD_Homology,4735,4340,33145
gemat11,HB,4929,4929,33108
lp_d2q06c,LPnetlib,2171,5831,33081
gemat12,HB,4929,4929,33044
poli_large,Grund,15575,15575,33033
fxm2-16,Meszaros,3900,7335,32972
cavity09,DRIVCAV,1182,1182,32702
cavity07,DRIVCAV,1182,1182,32702
rajat03,Rajat,7602,7602,32653
cavity05,DRIVCAV,1182,1182,32632
plat1919,HB,1919,1919,32399
Goodwin_010,Goodwin,1182,1182,32282
lpl2,Meszaros,3294,10881,32232
deter1,Meszaros,5527,15737,32187
reorientation_3,VDOL,2513,2513,32166
c-21,Schenk_IBMNA,3509,3509,32145
dynamicSoaringProblem_3,VDOL,2871,2871,32022
G65,Gset,8000,8000,32000
n2c6-b7,JGD_Homology,3990,5715,31920
ex4,FIDAP,1601,1601,31849
p2p-Gnutella05,SNAP,8846,8846,31839
commanche_dual,Pothen,7920,7920,31680
p2p-Gnutella06,SNAP,8717,8717,31525
hep-th,Newman,8361,8361,31502
c-23,Schenk_IBMNA,3969,3969,31079
lpi_greenbea,LPnetlib,2393,5596,31074
lp_greenbeb,LPnetlib,2392,5598,31070
lp_greenbea,LPnetlib,2392,5598,31070
freeFlyingRobot_7,VDOL,3918,3918,31046
pf2177,Meszaros,9728,10178,30984
c-27,Schenk_IBMNA,4563,4563,30927
plbuckle,TKK,1282,1282,30644
c-28,Schenk_IBMNA,4598,4598,30590
LeGresley_4908,LeGresley,4908,4908,30482
bcsstk26,HB,1922,1922,30336
ch7-6-b5,JGD_Homology,5040,15120,30240
data,DIMACS10,2851,2851,30186
cell2,Lucifora,7055,7055,30082
cell1,Lucifora,7055,7055,30082
n3c6-b5,JGD_Homology,5005,3003,30030
TF14,JGD_Forest,2644,3160,29862
deter5,Meszaros,5103,14529,29715
cavity06,DRIVCAV,1182,1182,29675
cavity08,DRIVCAV,1182,1182,29675
n2c6-b5,JGD_Homology,4945,3003,29670
rdb5000,Bai,5000,5000,29600
bayer03,Grund,6747,6747,29195
n4c5-b7,JGD_Homology,3635,4735,29080
ca-GrQc,SNAP,5242,5242,28980
c-22,Schenk_IBMNA,3792,3792,28870
spaceShuttleEntry_3,VDOL,1834,1834,28757
tomography,MathWorks,500,500,28726
stormg2-8,Meszaros,4409,11322,28553
ACTIVSg2000,TAMU_SmartGridCenter,4000,4000,28505
fd12,Hohn,7500,7500,28462
G62,Gset,7000,7000,28000
dataset20mfeatpixel_10NN,ML_Graph,2000,2000,27932
lp_truss,LPnetlib,1000,8806,27836
dataset16mfeatkarhunen_10NN,ML_Graph,2000,2000,27668
model6,Meszaros,2096,5289,27628
mhd4800b,Bai,4800,4800,27520
3elt,AG-Monien,4720,4720,27444
dataset12mfeatfactors_10NN,ML_Graph,2000,2000,27442
dataset22mfeatzernike_10NN,ML_Graph,2000,2000,27414
freeFlyingRobot_6,VDOL,3358,3358,27030
ex2,FIDAP,441,441,26839
qc324,Bai,324,324,26730
Maragal_4,NYPA,1964,1034,26719
bcsstk21,HB,3600,3600,26600
3elt_dual,AG-Monien,9000,9000,26556
as-735,SNAP,7716,7716,26467
barth,Nasa,6691,6691,26439
lowThrust_2,VDOL,2312,2312,26261
msc01050,Boeing,1050,1050,26198
n4c5-b5,JGD_Homology,4340,2852,26040
p2p-Gnutella09,SNAP,8114,8114,26013
bibd_13_6,JGD_BIBD,78,1716,25740
cz2548,CPM,2548,2548,25674
email-Eu-core,SNAP,1005,1005,25571
plantsmargin_12NN,ML_Graph,1600,1600,25482
lp_degen3,LPnetlib,1503,2604,25432
lns_3937,HB,3937,3937,25407
lnsp3937,HB,3937,3937,25407
model8,Meszaros,2896,6464,25277
meg4,Grund,5860,5860,25258
shermanACa,Shen,3432,3432,25220
n3c6-b9,JGD_Homology,2511,4935,25110
TSOPF_FS_b9_c1,TSOPF,2454,2454,25032
dwt_2680,HB,2680,2680,25026
G56,Gset,5000,5000,24996
G55,Gset,5000,5000,24996
email-Eu-core-temporal,SNAP,1005,1005,24929
deter6,Meszaros,4255,12113,24771
freeFlyingRobot_5,VDOL,2878,2878,24582
airfoil1,AG-Monien,4253,4253,24578
delaunay_n12,DIMACS10,4096,4096,24528
mcfe,HB,765,765,24382
ex25,FIDAP,848,848,24369
spaceStation_14,VDOL,1640,1640,24324
bcsstm34,Boeing,588,588,24270
soc-sign-bitcoin-alpha,SNAP,3783,3783,24186
ch,Meszaros,3700,8291,24102
spaceShuttleEntry_2,VDOL,1428,1428,24073
model3,Meszaros,1609,4578,23974
lshp3466,HB,3466,3466,23896
cis-n4c6-b3,JGD_Homology,5970,1330,23880
n4c6-b3,JGD_Homology,5970,1330,23880
geom,Pajek,7343,7343,23796
rosen1,Meszaros,520,1544,23794
ex29,FIDAP,2870,2870,23754
spaceStation_13,VDOL,1617,1617,23649
airfoil1_dual,AG-Monien,8034,8034,23626
G37,Gset,2000,2000,23570
G41,Gset,2000,2000,23570
G38,Gset,2000,2000,23558
G42,Gset,2000,2000,23558
G35,Gset,2000,2000,23556
G39,Gset,2000,2000,23556
G36,Gset,2000,2000,23532
G40,Gset,2000,2000,23532
barth4,Nasa,6019,6019,23492
lp_80bau3b,LPnetlib,2262,12061,23264
sherman2,HB,1080,1080,23094
dataset18mfeatmorphological_10NN,ML_Graph,2000,2000,22832
mhd1280b,Bai,1280,1280,22778
sstmodel,HB,3345,3345,22749
hydr1,Zitney,5308,5308,22680
hydr1c,Zitney,5308,5308,22592
pgp2,Meszaros,4034,13254,22474
ex22,FIDAP,839,839,22460
df2177,Meszaros,630,10358,22336
saylr4,HB,3564,3564,22316
deter8,Meszaros,3831,10905,22299
semeion_10NN,ML_Graph,1593,1593,22226
ex33,FIDAP,1733,1733,22189
lock_700,HB,700,700,22175
Hamrle2,Hamrle,5952,5952,22162
IG5-11,JGD_G5,1227,1692,22110
bcsstm10,HB,1086,1086,22092
bcsstk10,HB,1086,1086,22070
ch7-7-b2,JGD_Homology,7350,882,22050
Plants_10NN,ML_Graph,1600,1600,21930
sctap1-2c,Meszaros,3390,7458,21854
bcspwr10,HB,5300,5300,21842
c-19,Schenk_IBMNA,2327,2327,21817
primagaz,Meszaros,1554,10836,21665
ch6-6-b4,JGD_Homology,4320,5400,21600
ch6-6-b3,JGD_Homology,5400,2400,21600
utm1700b,TOKAMAK,1700,1700,21509
Franz2,JGD_Franz,4032,4480,21504
bcsstk34,Boeing,588,588,21418
lp_cycle,LPnetlib,1903,3371,21234
plantstexture_10NN,ML_Graph,1599,1599,21204
circuit_2,Bomhof,4510,4510,21199
bcsstm13,HB,2003,2003,21181
lpi_ceria3d,LPnetlib,3576,4400,21178
bayer07,Grund,3268,3268,20963
swang2,Wang,3169,3169,20841
swang1,Wang,3169,3169,20841
lshp3025,HB,3025,3025,20833
sherman5,HB,3312,3312,20793
mk11-b2,JGD_Homology,6930,990,20790
p2p-Gnutella08,SNAP,6301,6301,20777
bayer06,Grund,3008,3008,20715
bayer05,Grund,3268,3268,20712
bayer08,Grund,3008,3008,20698
large,Meszaros,4282,8617,20635
bcsstm35,Boeing,30237,30237,20619
kineticBatchReactor_1,VDOL,2052,2052,20600
pcb1000,Meszaros,1565,2820,20463
c-20,Schenk_IBMNA,2921,2921,20445
t3dl_e,Oberwolfach,20360,20360,20360
CollegeMsg,SNAP,1899,1899,20296
stoch_aircraft,Meszaros,3754,7517,20267
aircraft,Meszaros,3754,7517,20267
rw5151,Bai,5151,5151,20199
lpi_gran,LPnetlib,2658,2525,20111
shyy41,Shyy,4720,4720,20042
sherman3,HB,5005,5005,20033
G57,Gset,5000,5000,20000
olm5000,Bai,5000,5000,19996
G44,Gset,1000,1000,19980
G47,Gset,1000,1000,19980
G43,Gset,1000,1000,19980
G45,Gset,1000,1000,19980
G46,Gset,1000,1000,19980
add32,Hamm,4960,4960,19848
p6000,Meszaros,2095,7967,19826
spaceStation_12,VDOL,1410,1410,19728
spaceStation_9,VDOL,1180,1180,19674
bcsstm12,HB,1473,1473,19659
coater1,Brethour,1348,1348,19457
Binaryalphadigs_10NN,ML_Graph,1404,1404,19392
deter4,Meszaros,3235,9133,19231
wang1,Wang,2903,2903,19093
wang2,Wang,2903,2903,19093
polblogs,Newman,1490,1490,19025
ex21,FIDAP,656,656,18964
spaceStation_11,VDOL,1364,1364,18954
spaceStation_8,VDOL,1157,1157,18945
mk10-b3,JGD_Homology,4725,3150,18900
rdb3200l,Bai,3200,3200,18880
eris1176,HB,1176,1176,18552
Chebyshev2,Muite,2053,2053,18447
bcsstk09,HB,1083,1083,18437
lhr01,Mallya,1477,1477,18427
Maragal_3,NYPA,1690,860,18391
mhd3200b,Bai,3200,3200,18316
cnae9_10NN,ML_Graph,1080,1080,18278
spaceStation_7,VDOL,1134,1134,18252
ODLIS,Pajek,2909,2909,18246
g7jac010,Hollinger,2880,2880,18229
g7jac010sc,Hollinger,2880,2880,18229
spiral,Oberwolfach,1434,1434,18228
freeFlyingRobot_4,VDOL,2358,2358,18218
lp_cre_a,LPnetlib,3516,7248,18168
lshp2614,HB,2614,2614,17980
reorientation_2,VDOL,1544,1544,17910
Si2,PARSEC,769,769,17801
spaceStation_6,VDOL,1111,1111,17595
spaceStation_10,VDOL,1272,1272,17478
rbsb480,Bai,480,480,17088
rbsa480,Bai,480,480,17088
n4c5-b8,JGD_Homology,1895,3635,17055
Erdos02,Pajek,6927,6927,16944
dwt_992,HB,992,992,16744
LeGresley_2508,LeGresley,2508,2508,16727
lp_pds_02,LPnetlib,2953,7716,16571
collins_15NN,ML_Graph,1000,1000,16492
flower_4_4,JGD_Margulies,1837,5529,16466
lp_ship12l,LPnetlib,1151,5533,16276
California,Pajek,9664,9664,16150
rosen8,Meszaros,520,1544,16058
lp_cre_c,LPnetlib,3068,6411,15977
nos3,HB,960,960,15844
ukerbe1,AG-Monien,5981,5981,15704
dynamicSoaringProblem_2,VDOL,1591,1591,15588
bcsstm37,Boeing,25503,25503,15525
bcsstm25,HB,15439,15439,15439
delf,Meszaros,3170,6654,15397
lshp2233,HB,2233,2233,15337
spaceStation_5,VDOL,1019,1019,15219
c-18,Schenk_IBMNA,2169,2169,15145
robot24c1_mat5,JGD_Groebner,404,302,15118
robot24c1_mat5_J,JGD_Groebner,302,404,15118
Erdos992,Pajek,6100,6100,15030
n2c6-b4,JGD_Homology,3003,1365,15015
n3c6-b4,JGD_Homology,3003,1365,15015
lp_bnl2,LPnetlib,2324,4486,14996
lp_pilot_ja,LPnetlib,940,2267,14977
D_8,JGD_SL6,1132,1271,14966
Sieber,MathWorks,2290,2290,14873
blckhole,HB,2132,2132,14872
hangGlider_2,VDOL,1647,1647,14754
Erdos982,Pajek,5822,5822,14750
pde2961,Bai,2961,2961,14585
adder_trans_01,Sandia,1814,1814,14579
adder_trans_02,Sandia,1814,1814,14579
mycielskian9,Mycielski,383,383,14542
bibd_17_4b,JGD_BIBD,136,2380,14280
bibd_17_4,JGD_BIBD,136,2380,14280
n4c5-b4,JGD_Homology,2852,1350,14260
Erdos972,Pajek,5488,5488,14170
orsreg_1,HB,2205,2205,14133
yeast,Pajek,2361,2361,13828
cis-n4c6-b14,JGD_Homology,920,6300,13800
n4c6-b14,JGD_Homology,920,6300,13800
uk,DIMACS10,4824,4824,13674
spaceStation_4,VDOL,950,950,13626
CAG_mat364,JGD_CAG,364,364,13585
mice_10NN,ML_Graph,1077,1077,13484
lp_fit1d,LPnetlib,24,1049,13427
lp_pilotnov,LPnetlib,975,2446,13331
radfr1,Zitney,1048,1048,13299
n2c6-b8,JGD_Homology,1470,3990,13230
USpowerGrid,Pajek,4941,4941,13188
power,Newman,4941,4941,13188
add20,Hamm,2395,2395,13151
lpi_klein3,LPnetlib,994,1082,13101
Pd,MathWorks,8081,8081,13036
bcsstk08,HB,1074,1074,12960
freeFlyingRobot_3,VDOL,1718,1718,12922
lshp1882,HB,1882,1882,12904
lp_ship08l,LPnetlib,778,4363,12882
grid2,AG-Monien,3296,3296,12864
rajat12,Rajat,1879,1879,12818
fxm2-6,Meszaros,1520,2845,12812
cz1268,CPM,1268,1268,12786
Kohonen,Pajek,4470,4470,12731
D_7,JGD_SL6,1270,971,12714
Trefethen_700,JGD_Trefethen,700,700,12654
ch7-6-b2,JGD_Homology,4200,630,12600
can_1072,HB,1072,1072,12444
D_9,JGD_SL6,815,1133,12395
cryg2500,Bai,2500,2500,12349
delaunay_n11,DIMACS10,2048,2048,12254
grid2_dual,AG-Monien,3136,3136,12224
can_1054,HB,1054,1054,12196
Journals,Pajek,124,124,12068
rdb2048_noL,Bai,2048,2048,12032
rdb2048,Bai,2048,2048,12032
lutz30-23-b6,JGD_Homology,1716,3003,12012
G49,Gset,3000,3000,12000
G48,Gset,3000,3000,12000
G50,Gset,3000,3000,12000
G52,Gset,1000,1000,11832
G54,Gset,1000,1000,11832
G53,Gset,1000,1000,11828
G51,Gset,1000,1000,11818
photogrammetry,Luong,1388,390,11816
bayer09,Grund,3083,3083,11767
DK01R,Fluorem,903,903,11766
freeFlyingRobot_2,VDOL,1338,1338,11600
watt_2,HB,1856,1856,11550
Franz3,JGD_Franz,1280,2800,11520
watt_1,HB,1856,1856,11360
145bit,Priebel,1002,993,11315
adder_dcop_49,Sandia,1813,1813,11246
adder_dcop_52,Sandia,1813,1813,11246
adder_dcop_51,Sandia,1813,1813,11246
adder_dcop_50,Sandia,1813,1813,11246
adder_dcop_65,Sandia,1813,1813,11246
adder_dcop_48,Sandia,1813,1813,11246
adder_dcop_47,Sandia,1813,1813,11246
adder_dcop_54,Sandia,1813,1813,11246
adder_dcop_46,Sandia,1813,1813,11246
adder_dcop_18,Sandia,1813,1813,11246
adder_dcop_66,Sandia,1813,1813,11246
adder_dcop_53,Sandia,1813,1813,11246
adder_dcop_33,Sandia,1813,1813,11246
adder_dcop_55,Sandia,1813,1813,11246
adder_dcop_64,Sandia,1813,1813,11246
adder_dcop_67,Sandia,1813,1813,11246
adder_dcop_56,Sandia,1813,1813,11246
adder_dcop_17,Sandia,1813,1813,11246
adder_dcop_16,Sandia,1813,1813,11246
adder_dcop_15,Sandia,1813,1813,11246
adder_dcop_62,Sandia,1813,1813,11246
adder_dcop_61,Sandia,1813,1813,11246
adder_dcop_14,Sandia,1813,1813,11246
adder_dcop_57,Sandia,1813,1813,11246
adder_dcop_58,Sandia,1813,1813,11246
adder_dcop_59,Sandia,1813,1813,11246
adder_dcop_63,Sandia,1813,1813,11246
adder_dcop_45,Sandia,1813,1813,11246
adder_dcop_20,Sandia,1813,1813,11246
adder_dcop_60,Sandia,1813,1813,11246
adder_dcop_32,Sandia,1813,1813,11246
adder_dcop_31,Sandia,1813,1813,11246
adder_dcop_34,Sandia,1813,1813,11246
adder_dcop_30,Sandia,1813,1813,11246
adder_dcop_35,Sandia,1813,1813,11246
adder_dcop_36,Sandia,1813,1813,11246
adder_dcop_37,Sandia,1813,1813,11246
adder_dcop_38,Sandia,1813,1813,11246
adder_dcop_39,Sandia,1813,1813,11246
adder_dcop_29,Sandia,1813,1813,11246
adder_dcop_40,Sandia,1813,1813,11246
adder_dcop_28,Sandia,1813,1813,11246
adder_dcop_02,Sandia,1813,1813,11246
adder_dcop_27,Sandia,1813,1813,11246
adder_dcop_41,Sandia,1813,1813,11246
adder_dcop_42,Sandia,1813,1813,11246
adder_dcop_26,Sandia,1813,1813,11246
adder_dcop_25,Sandia,1813,1813,11246
adder_dcop_24,Sandia,1813,1813,11246
adder_dcop_23,Sandia,1813,1813,11246
adder_dcop_43,Sandia,1813,1813,11246
adder_dcop_22,Sandia,1813,1813,11246
adder_dcop_21,Sandia,1813,1813,11246
adder_dcop_69,Sandia,1813,1813,11246
adder_dcop_68,Sandia,1813,1813,11246
adder_dcop_12,Sandia,1813,1813,11246
adder_dcop_19,Sandia,1813,1813,11245
adder_dcop_44,Sandia,1813,1813,11245
adder_dcop_13,Sandia,1813,1813,11245
adder_dcop_11,Sandia,1813,1813,11243
adder_dcop_08,Sandia,1813,1813,11242
adder_dcop_09,Sandia,1813,1813,11239
adder_dcop_10,Sandia,1813,1813,11232
adder_dcop_07,Sandia,1813,1813,11226
adder_dcop_06,Sandia,1813,1813,11224
rajat02,Rajat,1960,1960,11187
TF13,JGD_Forest,1121,1302,11185
deter0,Meszaros,1923,5468,11173
init_adder1,Sandia,1813,1813,11156
adder_dcop_01,Sandia,1813,1813,11156
adder_dcop_03,Sandia,1813,1813,11148
adder_dcop_04,Sandia,1813,1813,11107
adder_dcop_05,Sandia,1813,1813,11097
ex32,FIDAP,1159,1159,11047
cage8,vanHeukelum,1015,1015,11003
extr1,Zitney,2837,2837,10967
extr1b,Zitney,2836,2836,10965
lpi_cplex1,LPnetlib,3005,5224,10947
email,Arenas,1133,1133,10902
Vehicle_10NN,ML_Graph,846,846,10894
plddb,Meszaros,3069,5049,10839
filter2D,Oberwolfach,1668,1668,10750
lp_czprob,LPnetlib,929,3562,10708
lp_25fv47,LPnetlib,821,1876,10705
rotor2,Morandini,791,791,10685
lshp1561,HB,1561,1561,10681
dwg961b,Bai,961,961,10591
bcsstm38,Boeing,8032,8032,10485
dwt_1242,HB,1242,1242,10426
SciMet,Pajek,3084,3084,10413
IG5-10,JGD_G5,652,976,10273
M80PI_n,Rommes,4182,4182,10261
S80PI_n,Rommes,4182,4182,10261
lp_maros,LPnetlib,846,1966,10137
dw2048,Bai,2048,2048,10114
dw1024,Bai,2048,2048,10114
can_838,HB,838,838,10010
M80PI_n1,Rommes,4028,4028,9927
S80PI_n1,Rommes,4028,4028,9927
lp_fit1p,LPnetlib,627,1677,9868
lp_sctap3,LPnetlib,1480,3340,9734
p2756,Meszaros,755,3511,9692
micromass_10NN,ML_Graph,571,571,9668
plsk1919,HB,1919,1919,9662
pores_2,HB,1224,1224,9613
jagmesh4,HB,1440,1440,9504
mk10-b2,JGD_Homology,3150,630,9450
G14,Gset,800,800,9388
G18,Gset,800,800,9388
lp_stocfor2,LPnetlib,2157,3045,9357
G16,Gset,800,800,9344
G20,Gset,800,800,9344
G17,Gset,800,800,9334
G21,Gset,800,800,9334
G15,Gset,800,800,9322
G19,Gset,800,800,9322
lp_pilot_we,LPnetlib,722,2928,9265
jagmesh9,HB,1349,1349,9101
goddardRocketProblem_2,VDOL,867,867,9058
scagr7-2c,Meszaros,2447,3479,9005
laser,GHS_indef,3002,3002,9000
iprob,Meszaros,3001,3001,9000
jagmesh6,HB,1377,1377,8993
rail_1357,Oberwolfach,1357,1357,8985
EPA,Pajek,4772,4772,8965
progas,Meszaros,1650,1900,8897
tols4000,Bai,4000,4000,8784
well1850,HB,1850,712,8755
EX2,JGD_SPG,560,560,8736
EX1,JGD_SPG,560,560,8736
rajat04,Rajat,1041,1041,8725
lshp1270,HB,1270,1270,8668
illc1850,HB,1850,712,8636
dwt_1005,HB,1005,1005,8621
Trec10,JGD_Kocay,106,478,8612
nnc1374,HB,1374,1374,8588
lp_scsd8,LPnetlib,397,2750,8584
dwt_1007,HB,1007,1007,8575
mhda416,Bai,416,416,8562
goddardRocketProblem_1,VDOL,831,831,8498
Trefethen_500,JGD_Trefethen,500,500,8478
lp_ken_07,LPnetlib,2426,3602,8404
lp_ship12s,LPnetlib,1151,2869,8284
lp_grow22,LPnetlib,440,946,8252
cep1,Meszaros,1521,4769,8233
lp_scfxm3,LPnetlib,990,1800,8206
poli,Grund,4008,4008,8188
diag,AG-Monien,2559,2559,8184
relat6,JGD_Relat,2340,157,8108
N_pid,Schulthess,3625,3923,8054
rosen7,Meszaros,264,776,8034
GD06_Java,Pajek,1538,1538,8032
lp_sierra,LPnetlib,1227,2735,8001
G34,Gset,2000,2000,8000
G33,Gset,2000,2000,8000
G32,Gset,2000,2000,8000
olm2000,Bai,2000,2000,7996
bwm2000,Bai,2000,2000,7996
cat_ears_2_4,JGD_Margulies,1009,2689,7982
bibd_12_5,JGD_BIBD,66,792,7920
bcsstk06,HB,420,420,7860
bcsstk07,HB,420,420,7860
orbitRaising_4,VDOL,915,915,7790
epb0,Averous,1794,1794,7764
jagmesh5,HB,1180,1180,7750
gr_30_30,HB,900,900,7744
mahindas,HB,1258,1258,7682
D_10,JGD_SL6,460,816,7614
model2,Meszaros,379,1321,7607
WorldCities,Pajek,315,100,7518
bfwa782,Bai,782,782,7514
jagmesh8,HB,1141,1141,7465
jagmesh7,HB,1138,1138,7450
dwt_878,HB,878,878,7448
n3c6-b10,JGD_Homology,675,2511,7425
Spectro_10NN,ML_Graph,531,531,7422
lung1,Norris,1650,1650,7419
GL7d26,JGD_GL7d,305,2798,7412
dwt_918,HB,918,918,7384
fpga_trans_01,Sandia,1220,1220,7382
fpga_trans_02,Sandia,1220,1220,7382
scrs8-2c,Meszaros,1820,3499,7367
scrs8-2b,Meszaros,1820,3499,7367
jagmesh3,HB,1089,1089,7361
Chem97ZtZ,Bates,2541,2541,7361
lp_sctap2,LPnetlib,1090,2500,7334
reorientation_1,VDOL,677,677,7326
iiasa,Meszaros,669,3639,7317
cavity03,DRIVCAV,317,317,7311
west2021,HB,2021,2021,7310
rdb1250l,Bai,1250,1250,7300
rdb1250,Bai,1250,1250,7300
lp_qap8,LPnetlib,912,1632,7296
lp_nug08,Qaplib,912,1632,7296
dwt_869,HB,869,869,7285
cavity01,DRIVCAV,317,317,7280
bcsstm07,HB,420,420,7252
can_634,HB,634,634,7228
ch6-6-b2,JGD_Homology,2400,450,7200
lp_ship08s,LPnetlib,778,2467,7194
ukerbe1_dual,AG-Monien,1866,1866,7076
umistfacesnorm_10NN,ML_Graph,575,575,6990
lp_ganges,LPnetlib,1309,1706,6937
spaceShuttleEntry_1,VDOL,560,560,6891
jagmesh2,HB,1009,1009,6865
lshp1009,HB,1009,1009,6865
orsirr_1,HB,1030,1030,6858
bcsstk19,HB,817,817,6853
EVA,Pajek,8497,8497,6726
can_715,HB,715,715,6665
m3plates,Cunningham,11107,11107,6639
cr42,Meszaros,905,1513,6614
minnesota,Gleich,2642,2642,6606
orbitRaising_2,VDOL,739,739,6526
bcspwr09,HB,1723,1723,6511
D_6,JGD_SL6,970,435,6491
lp_fffff800,LPnetlib,524,1028,6401
lp_ship04l,LPnetlib,402,2166,6380
cz628,CPM,628,628,6346
Pd_rhs,MathWorks,8081,12406,6323
n4c5-b9,JGD_Homology,630,1895,6300
jagmesh1,HB,936,936,6264
GL6_D_8,JGD_GL6,544,637,6153
lp_perold,LPnetlib,625,1506,6148
lowThrust_1,VDOL,584,584,6133
130bit,Priebel,584,575,6120
delaunay_n10,DIMACS10,1024,1024,6112
qh1484,Bai,1484,1484,6110
orbitRaising_3,VDOL,761,761,6098
bcspwr08,HB,1624,1624,6050
dwt_503,HB,503,503,6027
jpwh_991,HB,991,991,6027
dwt_758,HB,758,758,5994
bfwb782,Bai,782,782,5982
orsirr_2,HB,886,886,5970
cavity02,DRIVCAV,317,317,5923
cavity04,DRIVCAV,317,317,5923
fpga_dcop_45,Sandia,1220,1220,5892
fpga_dcop_21,Sandia,1220,1220,5892
fpga_dcop_32,Sandia,1220,1220,5892
fpga_dcop_13,Sandia,1220,1220,5892
fpga_dcop_12,Sandia,1220,1220,5892
fpga_dcop_11,Sandia,1220,1220,5892
fpga_dcop_03,Sandia,1220,1220,5892
fpga_dcop_29,Sandia,1220,1220,5892
fpga_dcop_02,Sandia,1220,1220,5892
fpga_dcop_01,Sandia,1220,1220,5892
fpga_dcop_31,Sandia,1220,1220,5892
fpga_dcop_39,Sandia,1220,1220,5892
fpga_dcop_38,Sandia,1220,1220,5892
fpga_dcop_16,Sandia,1220,1220,5892
fpga_dcop_17,Sandia,1220,1220,5892
fpga_dcop_18,Sandia,1220,1220,5892
fpga_dcop_19,Sandia,1220,1220,5892
fpga_dcop_20,Sandia,1220,1220,5892
fpga_dcop_28,Sandia,1220,1220,5892
fpga_dcop_22,Sandia,1220,1220,5892
fpga_dcop_23,Sandia,1220,1220,5892
fpga_dcop_46,Sandia,1220,1220,5892
fpga_dcop_27,Sandia,1220,1220,5892
fpga_dcop_26,Sandia,1220,1220,5892
fpga_dcop_24,Sandia,1220,1220,5892
fpga_dcop_25,Sandia,1220,1220,5892
fpga_dcop_14,Sandia,1220,1220,5892
fpga_dcop_30,Sandia,1220,1220,5892
fpga_dcop_49,Sandia,1220,1220,5892
fpga_dcop_42,Sandia,1220,1220,5892
fpga_dcop_48,Sandia,1220,1220,5892
fpga_dcop_33,Sandia,1220,1220,5892
fpga_dcop_41,Sandia,1220,1220,5892
fpga_dcop_40,Sandia,1220,1220,5892
fpga_dcop_34,Sandia,1220,1220,5892
fpga_dcop_35,Sandia,1220,1220,5892
fpga_dcop_47,Sandia,1220,1220,5892
fpga_dcop_15,Sandia,1220,1220,5892
fpga_dcop_51,Sandia,1220,1220,5892
fpga_dcop_44,Sandia,1220,1220,5892
fpga_dcop_43,Sandia,1220,1220,5892
fpga_dcop_50,Sandia,1220,1220,5892
fpga_dcop_37,Sandia,1220,1220,5892
fpga_dcop_36,Sandia,1220,1220,5892
fpga_dcop_09,Sandia,1220,1220,5888
fpga_dcop_08,Sandia,1220,1220,5888
fpga_dcop_10,Sandia,1220,1220,5884
fpga_dcop_04,Sandia,1220,1220,5884
circuit204,YZhou,1020,1020,5883
fpga_dcop_06,Sandia,1220,1220,5860
fpga_dcop_07,Sandia,1220,1220,5855
fpga_dcop_05,Sandia,1220,1220,5852
bcspwr07,HB,1612,1612,5824
spaceStation_2,VDOL,329,329,5817
fs_760_3,HB,760,760,5816
plat362,HB,362,362,5786
fs_760_2,HB,760,760,5739
fs_760_1,HB,760,760,5739
gre_1107,HB,1107,1107,5664
steam2,HB,600,600,5660
Olivetti_norm_10NN,ML_Graph,400,400,5656
rdb968,Bai,968,968,5632
lp_grow15,LPnetlib,300,645,5620
lp_bnl1,LPnetlib,643,1586,5532
iris_dataset_30NN,ML_Graph,150,150,5518
netscience,Newman,1589,1589,5484
jazz,Arenas,198,198,5484
lp_scfxm2,LPnetlib,660,1200,5469
n2c6-b3,JGD_Homology,1365,455,5460
n3c6-b3,JGD_Homology,1365,455,5460
west1505,HB,1505,1505,5414
n4c5-b3,JGD_Homology,1350,455,5400
GL6_D_7,JGD_GL6,636,470,5378
dynamicSoaringProblem_1,VDOL,647,647,5367
M40PI_n,Rommes,2182,2182,5341
S40PI_n,Rommes,2182,2182,5341
bcspwr06,HB,1454,1454,5300
lshp_778,HB,778,778,5272
lpi_pilot4i,LPnetlib,410,1123,5264
lp_pilot4,LPnetlib,410,1123,5264
freeFlyingRobot_1,VDOL,798,798,5246
tols2000,Bai,2000,2000,5184
nos5,HB,468,468,5172
netz4504,AG-Monien,1961,1961,5156
dwt_607,HB,607,607,5131
cage,AG-Monien,366,366,5124
Franz1,JGD_Franz,2240,768,5120
de063157,Meszaros,936,1908,5119
dwt_592,HB,592,592,5104
spaceStation_3,VDOL,467,467,5103
rel6,JGD_Relat,2340,157,5101
de080285,Meszaros,936,1908,5082
Roget,Pajek,1022,1022,5075
lpi_klein2,LPnetlib,477,531,5062
M40PI_n1,Rommes,2028,2028,5007
S40PI_n1,Rommes,2028,2028,5007
SmaGri,Pajek,1059,1059,4919
de063155,Meszaros,852,1848,4913
bp_1600,HB,822,822,4841
tumorAntiAngiogenesis_6,VDOL,465,465,4795
bp_1400,HB,822,822,4790
tumorAntiAngiogenesis_8,VDOL,490,490,4776
lp_agg3,LPnetlib,516,758,4756
lp_agg2,LPnetlib,516,758,4740
well1033,HB,1033,320,4732
bp_1200,HB,822,822,4726
mk10-b4,JGD_Homology,945,4725,4725
mycielskian8,Mycielski,191,191,4720
illc1033,HB,1033,320,4719
tumorAntiAngiogenesis_5,VDOL,460,460,4690
cdde6,Bai,961,961,4681
cdde1,Bai,961,961,4681
cdde4,Bai,961,961,4681
cdde2,Bai,961,961,4681
cdde5,Bai,961,961,4681
cdde3,Bai,961,961,4681
Trefethen_300,JGD_Trefethen,300,300,4678
bp_1000,HB,822,822,4661
l9,Meszaros,244,1483,4659
rdb800l,Bai,800,800,4640
bibd_11_5,JGD_BIBD,55,462,4620
nos7,HB,729,729,4617
tumorAntiAngiogenesis_7,VDOL,475,475,4597
tumorAntiAngiogenesis_4,VDOL,455,455,4593
IG5-9,JGD_G5,342,540,4570
lp_tuff,LPnetlib,333,628,4561
Ecoli_10NN,ML_Graph,336,336,4560
bp_800,HB,822,822,4534
qiulp,Meszaros,1192,1900,4492
NotreDame_yeast,Barabasi,2114,2114,4480
lp_ship04s,LPnetlib,402,1506,4400
pde900,Bai,900,900,4380
Maragal_2,NYPA,555,350,4357
bcsstk02,HB,66,66,4356
GL6_D_9,JGD_GL6,340,545,4349
N_biocarta,Schulthess,1922,1996,4335
ch6-6-b5,JGD_Homology,720,4320,4320
ex1,FIDAP,216,216,4317
lp_scsd6,LPnetlib,147,1350,4316
fs_541_1,HB,541,541,4282
fs_541_2,HB,541,541,4282
fs_541_3,HB,541,541,4282
fs_541_4,HB,541,541,4273
t2dal_e,Oberwolfach,4257,4257,4257
USAir97,Pajek,332,332,4252
TF12,JGD_Forest,488,552,4231
lp_nug07,Qaplib,602,931,4214
lp_degen2,LPnetlib,444,757,4201
hor_131,HB,434,434,4182
bp_600,HB,822,822,4172
b_dyn,Grund,1089,1089,4144
nos2,HB,957,957,4137
young1c,HB,841,841,4089
young4c,HB,841,841,4089
young2c,HB,841,841,4089
celegans_metabolic,Arenas,453,453,4065
1138_bus,HB,1138,1138,4054
nnc666,HB,666,666,4032
bp_400,HB,822,822,4028
lp_stair,LPnetlib,356,614,4003
tub1000,Bai,1000,1000,3996
olm1000,Bai,1000,1000,3996
n4c6-b2,JGD_Homology,1330,210,3990
cis-n4c6-b2,JGD_Homology,1330,210,3990
young3c,HB,841,841,3988
tumorAntiAngiogenesis_3,VDOL,410,410,3952
b2_ss,Grund,1089,1089,3895
lshp_577,HB,577,577,3889
ck656,Bai,656,656,3884
lp_standmps,LPnetlib,467,1274,3878
nemscem,Meszaros,651,1712,3840
can_445,HB,445,445,3809
QRpivot,MathWorks,660,749,3808
bp_200,HB,822,822,3802
sherman4,HB,1104,1104,3786
mk9-b2,JGD_Homology,1260,378,3780
mk9-b3,JGD_Homology,945,1260,3780
sherman1,HB,1000,1000,3750
saylr3,HB,1000,1000,3750
stufe,AG-Monien,1036,1036,3736
rajat19,Rajat,1157,1157,3699
bfwa398,Bai,398,398,3678
bcsstk04,HB,132,132,3648
L,AG-Monien,956,956,3640
bcsstm21,HB,3600,3600,3600
dwt_419,HB,419,419,3563
bcsstm24,HB,3562,3562,3562
lp_shell,LPnetlib,536,1777,3558
tols1090,Bai,1090,1090,3546
west0989,HB,989,989,3518
dwt_512,HB,512,512,3502
dwt_193,HB,193,193,3493
hangGlider_1,VDOL,360,360,3477
pores_3,HB,532,532,3474
nsic,Meszaros,465,897,3449
lp_beaconfd,LPnetlib,173,295,3408
dwg961a,Bai,961,961,3405
qh882,Bai,882,882,3354
lp_standgub,LPnetlib,361,1383,3338
lp_scrs8,LPnetlib,490,1275,3288
str_600,HB,363,363,3279
bp_0,HB,822,822,3276
nos6,HB,675,675,3255
685_bus,HB,685,685,3249
bibd_81_2,JGD_BIBD,3240,3240,3240
lp_standata,LPnetlib,359,1274,3230
dwt_346,HB,346,346,3226
small,Meszaros,677,1400,3207
G11,Gset,800,800,3200
G12,Gset,800,800,3200
G13,Gset,800,800,3200
cz308,CPM,308,308,3182
lp_modszk1,LPnetlib,687,1620,3168
str_400,HB,363,363,3157
dwt_492,HB,492,492,3156
utm300,TOKAMAK,300,300,3155
ch8-8-b1,JGD_Homology,1568,64,3136
bcsstk20,HB,485,485,3135
bcsstm23,HB,3134,3134,3134
cage7,vanHeukelum,340,340,3084
can_268,HB,268,268,3082
str_200,HB,363,363,3068
n2c6-b9,JGD_Homology,306,1470,3060
model1,Meszaros,362,798,3028
ch7-9-b1,JGD_Homology,1512,63,3024
Glass_10NN,ML_Graph,214,214,2986
bibd_12_4,JGD_BIBD,66,495,2970
mk12-b1,JGD_Homology,1485,66,2970
dwt_361,HB,361,361,2953
D_11,JGD_SL6,169,461,2952
wm3,HB,207,260,2948
wm2,HB,207,260,2942
qh768,Bai,768,768,2934
lpi_pang,LPnetlib,361,741,2933
can_256,HB,256,256,2916
bfwb398,Bai,398,398,2910
wm1,HB,207,277,2909
orbitRaising_1,VDOL,442,442,2906
Trefethen_200,JGD_Trefethen,200,200,2890
M20PI_n,Rommes,1182,1182,2881
S20PI_n,Rommes,1182,1182,2881
Trefethen_200b,JGD_Trefethen,199,199,2873
lp_agg,LPnetlib,488,615,2862
ck400,Bai,400,400,2860
Erdos991,Pajek,492,492,2834
nemsafm,Meszaros,334,2348,2826
west0655,HB,655,655,2808
lnsp_511,HB,511,511,2796
lns_511,HB,511,511,2796
problem1,FEMLAB,415,415,2779
lp_e226,LPnetlib,223,472,2768
Erdos981,Pajek,485,485,2762
lp_finnis,LPnetlib,497,1064,2760
lp_scfxm1,LPnetlib,330,600,2732
lshp_406,HB,406,406,2716
tumorAntiAngiogenesis_2,VDOL,305,305,2699
mcca,HB,180,180,2659
Harvard500,MathWorks,500,500,2636
Erdos971,Pajek,472,472,2628
lp_grow7,LPnetlib,140,301,2612
gams60am,Meszaros,714,1071,2607
lpi_reactor,LPnetlib,318,808,2591
rdb450,Bai,450,450,2580
rdb450l,Bai,450,450,2580
S20PI_n1,Rommes,1028,1028,2547
M20PI_n1,Rommes,1028,1028,2547
can_292,HB,292,292,2540
lp_etamacro,LPnetlib,400,816,2537
lpi_bgetam,LPnetlib,400,816,2537
GL6_D_6,JGD_GL6,469,201,2526
dwt_307,HB,307,307,2523
dwb512,Bai,512,512,2500
dw256B,Bai,512,512,2500
lp_bandm,LPnetlib,305,472,2494
dwa512,Bai,512,512,2480
dw256A,Bai,512,512,2480
662_bus,HB,662,662,2474
fs_680_3,HB,680,680,2471
str_0,HB,363,363,2454
lund_a,HB,147,147,2449
dwt_310,HB,310,310,2448
lp_gfrd_pnc,LPnetlib,616,1160,2445
lp_israel,LPnetlib,174,316,2443
lund_b,HB,147,147,2441
dermatology_5NN,ML_Graph,366,366,2440
fs_680_2,HB,680,680,2424
bcsstk05,HB,153,153,2423
poisson2D,FEMLAB,367,367,2417
ch5-5-b3,JGD_Homology,600,600,2400
lp_scsd1,LPnetlib,77,760,2388
ch7-8-b1,JGD_Homology,1176,56,2352
celegansneural,Newman,297,297,2345
netz4504_dual,AG-Monien,615,615,2342
Chebyshev1,Muite,261,261,2319
mhdb416,Bai,416,416,2312
p0291,Meszaros,252,543,2283
YaleA_10NN,ML_Graph,165,165,2268
steam1,HB,240,240,2248
lp_nug06,Qaplib,372,486,2232
ash292,HB,292,292,2208
p0282,Meszaros,241,523,2207
lp_brandy,LPnetlib,220,303,2202
tols340,Bai,340,340,2196
fs_680_1,HB,680,680,2184
gas11,Meszaros,459,862,2166
Trec9,JGD_Kocay,47,201,2147
west0381,HB,381,381,2134
p0201,Meszaros,133,334,2056
GL6_D_10,JGD_GL6,163,341,2053
Trefethen_150,JGD_Trefethen,150,150,2040
bibd_17_3,JGD_BIBD,136,680,2040
kneser_6_2_1,JGD_Margulies,601,676,2027
mesh2e1,Pothen,306,306,2018
mesh2em5,Pothen,306,306,2018
olm500,Bai,500,500,1996
mk11-b1,JGD_Homology,990,55,1980
gre_512,HB,512,512,1976
bcsstm26,HB,1922,1922,1922
ash958,HB,958,292,1916
lp_capri,LPnetlib,271,482,1896
west0479,HB,479,479,1888
p0548,Meszaros,176,724,1887
lp_sctap1,LPnetlib,300,660,1872
rw496,Bai,496,496,1859
D_5,JGD_SL6,434,115,1832
ch5-5-b2,JGD_Homology,600,200,1800
sphere3,Pothen,258,258,1794
tumorAntiAngiogenesis_1,VDOL,205,205,1783
can_229,HB,229,229,1777
ch7-7-b1,JGD_Homology,882,49,1764
plskz362,HB,362,362,1760
lshp_265,HB,265,265,1753
tols90,Bai,90,90,1746
dwt_209,HB,209,209,1743
CSphd,Pajek,1882,1882,1740
shl_200,HB,663,663,1726
lp_scagr25,LPnetlib,471,671,1725
west0497,HB,497,497,1721
shl_400,HB,663,663,1712
IG5-8,JGD_G5,156,292,1711
shl_0,HB,663,663,1687
GD96_a,Pajek,1096,1096,1677
494_bus,HB,494,494,1666
lpi_bgdbg1,LPnetlib,348,629,1662
lpi_qual,LPnetlib,323,464,1646
lpi_vol1,LPnetlib,323,464,1646
M10PI_n,Rommes,682,682,1633
S10PI_n,Rommes,682,682,1633
dwt_221,HB,221,221,1629
lpi_refinery,LPnetlib,323,464,1626
bcspwr05,HB,443,443,1623
oscil_trans_01,Sandia,430,430,1614
bcspwr04,HB,274,274,1612
TF11,JGD_Forest,216,236,1607
lpi_chemcom,LPnetlib,288,744,1590
abb313,HB,313,176,1557
oscil_dcop_57,Sandia,430,430,1544
oscil_dcop_56,Sandia,430,430,1544
oscil_dcop_45,Sandia,430,430,1544
oscil_dcop_28,Sandia,430,430,1544
oscil_dcop_38,Sandia,430,430,1544
oscil_dcop_46,Sandia,430,430,1544
oscil_dcop_44,Sandia,430,430,1544
oscil_dcop_29,Sandia,430,430,1544
oscil_dcop_15,Sandia,430,430,1544
oscil_dcop_43,Sandia,430,430,1544
oscil_dcop_16,Sandia,430,430,1544
oscil_dcop_17,Sandia,430,430,1544
oscil_dcop_42,Sandia,430,430,1544
oscil_dcop_41,Sandia,430,430,1544
oscil_dcop_18,Sandia,430,430,1544
oscil_dcop_40,Sandia,430,430,1544
oscil_dcop_19,Sandia,430,430,1544
oscil_dcop_39,Sandia,430,430,1544
oscil_dcop_20,Sandia,430,430,1544
oscil_dcop_21,Sandia,430,430,1544
oscil_dcop_47,Sandia,430,430,1544
oscil_dcop_37,Sandia,430,430,1544
oscil_dcop_22,Sandia,430,430,1544
oscil_dcop_23,Sandia,430,430,1544
oscil_dcop_36,Sandia,430,430,1544
oscil_dcop_35,Sandia,430,430,1544
oscil_dcop_24,Sandia,430,430,1544
oscil_dcop_34,Sandia,430,430,1544
oscil_dcop_33,Sandia,430,430,1544
oscil_dcop_25,Sandia,430,430,1544
oscil_dcop_32,Sandia,430,430,1544
oscil_dcop_26,Sandia,430,430,1544
oscil_dcop_31,Sandia,430,430,1544
oscil_dcop_27,Sandia,430,430,1544
oscil_dcop_30,Sandia,430,430,1544
oscil_dcop_13,Sandia,430,430,1544
oscil_dcop_14,Sandia,430,430,1544
oscil_dcop_49,Sandia,430,430,1544
oscil_dcop_05,Sandia,430,430,1544
oscil_dcop_50,Sandia,430,430,1544
oscil_dcop_07,Sandia,430,430,1544
oscil_dcop_04,Sandia,430,430,1544
oscil_dcop_08,Sandia,430,430,1544
oscil_dcop_52,Sandia,430,430,1544
oscil_dcop_09,Sandia,430,430,1544
oscil_dcop_10,Sandia,430,430,1544
oscil_dcop_48,Sandia,430,430,1544
oscil_dcop_11,Sandia,430,430,1544
oscil_dcop_03,Sandia,430,430,1544
oscil_dcop_51,Sandia,430,430,1544
oscil_dcop_02,Sandia,430,430,1544
oscil_dcop_53,Sandia,430,430,1544
oscil_dcop_12,Sandia,430,430,1544
oscil_dcop_54,Sandia,430,430,1544
oscil_dcop_01,Sandia,430,430,1544
oscil_dcop_55,Sandia,430,430,1544
oscil_dcop_06,Sandia,430,430,1544
flower_8_1,JGD_Margulies,625,513,1538
lp_scorpion,LPnetlib,388,466,1534
cz148,CPM,148,148,1527
GL7d11,JGD_GL7d,1019,60,1513
mycielskian7,Mycielski,95,95,1510
nnc261,HB,261,261,1500
can_187,HB,187,187,1491
rajat14,Rajat,180,180,1475
bcsstm11,HB,1473,1473,1473
dwt_245,HB,245,245,1461
lp_bore3d,LPnetlib,233,334,1448
breasttissue_10NN,ML_Graph,106,106,1412
dwt_198,HB,198,198,1392
mesh3e1,Pothen,289,289,1377
mesh3em5,Pothen,289,289,1377
can_161,HB,161,161,1377
n3c6-b2,JGD_Homology,455,105,1365
bibd_15_3,JGD_BIBD,105,455,1365
n2c6-b2,JGD_Homology,455,105,1365
n4c5-b2,JGD_Homology,455,105,1365
Cities,Pajek,55,46,1342
n4c5-b10,JGD_Homology,120,630,1320
M10PI_n1,Rommes,528,528,1317
S10PI_n1,Rommes,528,528,1317
zenios,HB,2873,2873,1314
gre_343,HB,343,343,1310
impcol_e,HB,225,225,1303
can_144,HB,144,144,1296
gams30am,Meszaros,354,531,1287
gams30a,Meszaros,354,531,1287
mk10-b1,JGD_Homology,630,45,1260
ch7-6-b1,JGD_Homology,630,42,1260
n3c5-b4,JGD_Homology,252,210,1260
n3c5-b5,JGD_Homology,210,252,1260
bibd_9_5,JGD_BIBD,36,126,1260
impcol_d,HB,425,425,1255
rajat05,Rajat,301,301,1250
football,Newman,115,115,1226
ash608,HB,608,188,1216
lpi_cplex2,LPnetlib,224,378,1215
lpi_mondou2,LPnetlib,312,604,1208
odepa400,Bai,400,400,1201
ww_36_pmec_36,Rommes,66,66,1194
dwt_162,HB,162,162,1182
lp_share1b,LPnetlib,117,253,1179
flower_7_1,JGD_Margulies,463,393,1178
lp_lotfi,LPnetlib,153,366,1136
saylr1,HB,238,238,1128
rdb200,Bai,200,200,1120
rdb200l,Bai,200,200,1120
bcsstm09,HB,1083,1083,1083
bcsstm08,HB,1074,1074,1074
fs_183_4,HB,183,183,1069
fs_183_3,HB,183,183,1069
pde225,Bai,225,225,1065
relat5,JGD_Relat,340,35,1058
lp_vtp_base,LPnetlib,198,346,1051
lp_nug05,Qaplib,210,225,1050
GD00_c,Pajek,638,638,1041
arc130,HB,130,130,1037
nos1,HB,237,237,1017
CAG_mat72,JGD_CAG,72,72,1012
fs_183_6,HB,183,183,1000
fs_183_1,HB,183,183,998
SmallW,Pajek,396,396,994
ck104,Bai,104,104,992
gre_185,HB,185,185,975
cis-n4c6-b15,JGD_Homology,60,920,960
n4c6-b15,JGD_Homology,60,920,960
grid1,AG-Monien,252,252,952
cat_ears_4_1,JGD_Margulies,377,313,938
lop163,Bai,163,163,935
spaceStation_1,VDOL,99,99,927
ch6-6-b1,JGD_Homology,450,36,900
polbooks,Newman,105,105,882
robot,Morandini,120,120,870
adjnoun,Newman,112,112,850
grid1_dual,AG-Monien,224,224,840
n3c5-b3,JGD_Homology,210,120,840
n3c5-b6,JGD_Homology,120,210,840
dwt_234,HB,234,234,834
bcsstm19,HB,817,817,817
gre_216a,HB,216,216,812
gre_216b,HB,216,216,812
bwm200,Bai,200,200,796
cage6,vanHeukelum,93,93,785
lp_share2b,LPnetlib,96,162,777
can_96,HB,96,96,768
mk9-b1,JGD_Homology,378,36,756
lpi_klein1,LPnetlib,54,108,750
n3c6-b11,JGD_Homology,60,675,720
rotor1,Morandini,100,100,708
will199,HB,199,199,701
bcsstk22,HB,138,138,696
lp_recipe,LPnetlib,91,204,687
zed,Meszaros,116,142,666
lp_sc205,LPnetlib,205,317,665
rajat11,Rajat,135,135,665
ash331,HB,331,104,662
rel5,JGD_Relat,340,35,656
gent113,HB,113,113,655
lpi_box1,LPnetlib,231,261,651
GD01_Acap,Pajek,953,953,645
GD01_a,Pajek,311,311,645
bcsstk03,HB,112,112,640
TF10,JGD_Forest,99,107,622
Sandi_sandi,Pajek,314,360,613
flower_5_1,JGD_Margulies,211,201,602
ch5-5-b4,JGD_Homology,120,600,600
nos4,HB,100,100,594
08blocks,JGD_SPG,300,300,592
impcol_a,HB,207,207,572
can_61,HB,61,61,557
Trec8,JGD_Kocay,23,84,549
IG5-7,JGD_G5,62,150,549
cat_ears_3_1,JGD_Margulies,204,181,542
dwt_87,HB,87,87,541
lnsp_131,HB,131,131,536
lns_131,HB,131,131,536
ash85,HB,85,85,523
lp_blend,LPnetlib,74,114,522
lesmis,Newman,77,77,508
west0167,HB,167,167,506
lp_stocfor1,LPnetlib,117,165,501
bcsstm20,HB,485,485,485
rw136,Bai,136,136,479
bcspwr03,HB,118,118,476
mycielskian6,Mycielski,47,47,472
lpi_ex72a,LPnetlib,197,215,467
lp_scagr7,LPnetlib,129,185,465
GD97_c,Pajek,452,452,460
GD00_a,Pajek,352,352,458
lpi_ex73a,LPnetlib,193,211,457
sphere2,Pothen,66,66,450
bfwa62,Bai,62,62,450
ash219,HB,219,85,438
lp_adlittle,LPnetlib,56,138,424
gre_115,HB,115,115,421
n4c6-b1,JGD_Homology,210,21,420
cis-n4c6-b1,JGD_Homology,210,21,420
bcsstm06,HB,420,420,420
west0132,HB,132,132,413
gams10am,Meszaros,114,171,407
gams10a,Meszaros,114,171,407
bcsstk01,HB,48,48,400
ch5-5-b1,JGD_Homology,200,25,400
impcol_c,HB,137,137,400
odepb400,Bai,400,400,399
olm100,Bai,100,100,396
tub100,Bai,100,100,396
flower_4_1,JGD_Margulies,121,129,386
GD06_theory,Pajek,101,101,380
can_73,HB,73,73,377
west0156,HB,156,156,362
n3c5-b2,JGD_Homology,120,45,360
bfwb62,Bai,62,62,342
chesapeake,DIMACS10,39,39,340
lp_sc105,LPnetlib,105,163,340
wheel_7_1,JGD_Margulies,114,113,338
GD98_c,Pajek,112,112,336
GD97_a,Pajek,84,84,332
n2c6-b10,JGD_Homology,30,306,330
dwt_66,HB,66,66,320
dolphins,Newman,62,62,318
steam3,HB,80,80,314
lp_kb2,LPnetlib,43,68,313
mesh1em6,Pothen,48,48,306
mesh1em1,Pothen,48,48,306
mesh1e1,Pothen,48,48,306
pivtol,MathWorks,102,102,306
west0067,HB,67,67,294
curtis54,HB,54,54,291
ch4-4-b2,JGD_Homology,96,72,288
GD95_c,Pajek,62,62,287
will57,HB,57,57,281
ex5,FIDAP,27,27,279
impcol_b,HB,59,59,271
dwt_59,HB,59,59,267
GD97_b,Pajek,47,47,264
wheel_6_1,JGD_Margulies,83,85,254
cat_ears_2_1,JGD_Margulies,85,85,254
GD99_b,Pajek,64,64,252
bibd_9_3,JGD_BIBD,36,84,252
IG5-6,JGD_G5,30,77,251
GD96_c,Pajek,65,65,250
Sandi_authors,Pajek,86,86,248
lpi_forest6,LPnetlib,66,131,246
n3c5-b7,JGD_Homology,30,120,240
Maragal_1,NYPA,32,14,234
cage5,vanHeukelum,37,37,233
d_dyn1,Grund,87,87,232
GD02_b,Pajek,80,80,232
d_dyn,Grund,87,87,230
GD96_d,Pajek,180,180,229
divorce,Pajek,50,9,225
dwt_72,HB,72,72,222
can_62,HB,62,62,218
n2c6-b1,JGD_Homology,105,15,210
n3c6-b1,JGD_Homology,105,105,210
n4c5-b1,JGD_Homology,105,15,210
GD98_b,Pajek,121,121,207
GD96_b,Pajek,111,111,193
wheel_5_1,JGD_Margulies,57,61,182
pores_1,HB,30,30,180
relat4,JGD_Relat,66,12,172
lap_25,HB,25,25,169
bcspwr02,HB,49,49,167
can_24,HB,24,24,160
lp_sc50a,LPnetlib,50,78,160
Trefethen_20,JGD_Trefethen,20,20,158
karate,Newman,34,34,156
bcsstm05,HB,153,153,153
refine,Meszaros,29,62,153
GD99_c,Pajek,105,105,149
lp_sc50b,LPnetlib,50,78,148
Trec7,JGD_Kocay,11,36,147
Trefethen_20b,JGD_Trefethen,19,19,147
ch4-4-b1,JGD_Homology,72,16,144
d_ss,Grund,53,53,144
mycielskian5,Mycielski,23,23,142
lpi_woodinfe,LPnetlib,35,89,140
bcsstm22,HB,138,138,138
GD01_c,Pajek,33,33,135
p0040,Meszaros,23,63,133
bcspwr01,HB,39,39,131
ibm32,HB,32,32,126
wheel_4_1,JGD_Margulies,36,41,122
GlossGT,Pajek,72,72,122
n4c5-b11,JGD_Homology,10,120,120
football,Pajek,35,35,118
p0033,Meszaros,15,48,113
rel4,JGD_Relat,66,12,104
lp_afiro,LPnetlib,27,51,102
Hamrle1,Hamrle,32,32,98
GD95_b,Pajek,73,73,96
ch4-4-b3,JGD_Homology,24,96,96
Stranke94,Pajek,10,10,90
n3c5-b1,JGD_Homology,45,10,90
GD02_a,Pajek,23,23,87
problem,Meszaros,12,46,86
LF10,Oberwolfach,18,18,82
Ragusa16,Pajek,24,24,81
rgg010,HB,10,10,76
jgl011,HB,11,11,76
wheel_3_1,JGD_Margulies,21,25,74
bcsstm03,HB,112,112,72
lpi_bgprtr,LPnetlib,20,40,70
bcsstm02,HB,66,66,66
bcsstm04,HB,132,132,66
Ragusa18,Pajek,23,23,64
klein-b2,JGD_Homology,20,30,60
n3c4-b2,JGD_Homology,20,15,60
n3c4-b3,JGD_Homology,15,20,60
klein-b1,JGD_Homology,30,10,60
GD95_a,Pajek,36,36,57
GD98_a,Pajek,38,38,50
jgl009,HB,9,9,50
cage4,vanHeukelum,9,9,49
Tina_DisCog,Pajek,11,11,48
LFAT5,Oberwolfach,14,14,46
kleemin,Meszaros,8,16,44
Tina_DisCal,Pajek,11,11,41
farm,Meszaros,7,17,41
mycielskian4,Mycielski,11,11,40
Trec6,JGD_Kocay,6,15,40
GD01_b,Pajek,18,18,37
ch3-3-b1,JGD_Homology,18,9,36
Tina_AskCog,Pajek,11,11,36
n3c4-b1,JGD_Homology,15,6,30
n3c4-b4,JGD_Homology,6,15,30
Tina_AskCal,Pajek,11,11,29
lpi_itest6,LPnetlib,11,17,29
lpi_itest2,LPnetlib,9,13,26
bcsstm01,HB,48,48,24
relat3,JGD_Relat,12,5,24
lpi_galenet,LPnetlib,8,14,22
cage3,vanHeukelum,5,5,19
rel3,JGD_Relat,12,5,18
ch3-3-b2,JGD_Homology,6,18,18
b1_ss,Grund,7,7,15
Trec5,JGD_Kocay,3,7,12
mycielskian3,Mycielski,5,5,10
GL7d10,JGD_GL7d,1,60,8
Trec4,JGD_Kocay,2,3,3
mycielskian2,Mycielski,2,2,2
Trec3,JGD_Kocay,1,2,1
